paikanlaji,
aallokko,
aallokkoinen kohta,
aalloppi,
aallot,
aaloppi,
aalto,
aara,
aavan osa,
aavat,
"aho, pelto",
ahokivikko,
ahoniemeke,
ahotäkki,
ahtauslauta,
ahteenmutka,
aidattu kylätie,
aidattu tarha,
airiston selkä,
aitakuja,
aitto-oja,
ajan mittaaja,
ajanviettopaikka,
ajoneuvopolku,
ajopolku,
ajorata,
ajoreitti,
ala,
ala-aste,
ala-asteen sivurakennus,
alainen paikka,
alakartano,
alakoulu,
alakylä,
alalohko,
alamaa,
alamäki,
alaniemi,
alankoranta,
alankovaara,
alanteen ylityspaikka,
alapuoli,
alapää,
alhokangas,
alikulkusilta,
alikulkutie,
alikulkutunneli,
alikäytävä,
alikäytävät,
alkoholiliike,
alkoholimyymälä,
alkoholistihuoltola,
alku,
alkukohta,
alkuosa,
alkupää,
allas,
allaspaikka,
allikko,
alo,
"alue,talo",
"alue,tie",
aluekeskus,
alunamaa,
alusta,
amma-alue,
ammattikoulu,
ammuksenpaikka,
ammuntapaikka,
ammus,
ammusvarasto,
ampuma-alue,
ampumahauta,
ampumakoppi,
ampumalinja,
ampumamaja,
ampumapaikka,
ampumapatterit,
ampumapaviljonki,
ampumaradan patterit,
ampumarata,
ampumarata-alue,
ampumavarasto,
ankarplats,
ankkuri,
ankkuripaikka,
ankkuripoiju,
ankkuroimispaikka,
ankkurointipaikka,
ansakokko,
ansakuoppa,
ansapaikka,
antiikkimyymälä,
apteekki,
apteekkirakennus,
apulaidun,
apumeijeri,
arkku,
arkunveistopaikka,
arm av Malax å,
arm av ån,
armeijan patteri,
arvo,
asekätkö,
asema,
asema-alue,
asemakaava-alue,
asemakaavoitusalue,
aseman seutu,
aseman tienoo,
aseman ympäristö,
asemanseutu,
asemapaikka,
asemarakennus,
asemaseutu,
asematunneli,
asentopaikka,
asepaja,
asevarasto,
asevelitalo,
asevelitila,
asilta,
askelmat,
asmus,
astia,
asuimispaikka,
asuinhuone,
asuinhuoneet,
asuinlöyty,
asujaimisto,
asujaimistot,
asukas,
asukastalo,
asukasyhdistys,
asukkaat,
asum,
asuma,
asunto-osakeyhtiö,
asunto-osuuskunta,
asuntovaunukylä,
asuntoyhtiö,
ateriointipaikka,
auikio,
aukea jänkä,
aukea suo,
aukko padossa,
aukko sillassa,
aumus,
auo,
auoalue,
aupmentti,
ausmus,
autioranta,
autoasema,
autohuolto,
autokorjaamo,
autokoulu,
autopaja,
autopyöli,
autotalli,
autotallialue,
autotallirakennus,
autotehdas,
autotie,
autotien loppu,
avokanava,
avokatos,
avolouhos,
avolouhu,
avoluoto,
avorakka,
avoselkä,
avosilmäke,
avovesi,
avovesiväylä,
avuluoto,
ayho,
baani,
baari,
bensa-asema,
däld,
betonipato,
betonipylväs,
betonivalimo,
bunkkeri,
bussivarikko,
disco,
eduskuntatalo,
elinaikka,
elinpaikan autiot,
elinpaikka,
elintarvikekioski,
elintarvikeliike,
elokuvateatteri,
elokuvateatterin alue,
elosuoja,
elto,
eläinlaavin paikka,
eläinpuisto,
eläinsuoja,
eläintarha,
eläinten juottopaikka,
eläinten syöttöpaikka,
eläintori,
eläkeasunto,
eläkehuoneet,
eläkeläisasunto,
eläkeläispaikka,
eläkeläistupa,
eläkemaa,
eläkemökki,
emäntäkoulu,
emätalo,
emätila,
enimi,
entinen kalansuolaamo,
entinen kettutarha,
entinen kirkonkylä,
entinen tila,
erakkomaja,
erikkopalsta,
erillisalue,
erillispalsta,
eritasoliittymä,
eroamiskohta,
erottelupaikka,
erotuspaikka,
eräalue,
eräjä,
eräkappale,
eräkämppä,
erämaa,
erämaa-alue,
erämaapalsta,
erämaasauna,
erämaaseutu,
erämaja,
eräpolku,
erätupa,
esikaupunki,
esikaupunkialue,
esikuntarakennus,
etappi,
etappipaikka,
eteinen,
etelälahti,
eteläniemen pää,
eteläniemi,
eteläranta,
etelärinne,
etukaivo,
etupiha,
etuvartiopaikka,
etuvarustus,
golfkeskus,
grilli,
grillikatos,
grillipaikka,
haapa,
haasia,
haasian paikka,
haasianpaikka,
haasioiden pitopaikka,
haaska,
haat,
haata,
haavat,
haikka,
hailuoto,
hakakorpi,
hakaportti,
hakaranta,
hakkuujätekasa,
hako,
hakoja,
hakojen pitopaikka,
hala,
halkeama,
halkema,
halki,
halkojen keräyspaikka,
halkojen kokoamis- ja lastausp,
halkojen kuljetuspaikka,
halkojen lastauspaikka,
halkojen pinoamispaikka,
halkojen säilytyspaikka,
halkojenpurkauspaikka,
halkojentekoalue,
halkolaaninpaikka,
halkoliiteri,
halkoliiterit,
halkomaa,
halkopaikka,
halkopino,
halkopinot,
halkotarha,
halli,
hallintopaikka,
hallintopitäjä,
hallirakennus,
hallit,
halonhakkuupaikka,
halonlastauspaikka,
halontekolaite,
halontekopaikka,
hamina,
haminamaa,
haminapaikka,
haminaranta,
hammashoitola,
hamn,
hamnplats,
hamppujen liotuspaikka,
hamppuroopit,
hamppurooppi,
hampunliotuspaikka,
hampunlioutuskuoppa,
hampurilaispaikka,
harjanneranta,
harjatehdas,
harjoittelupaikka,
harjoittelutila,
harjoitusalue,
harjoituskenttä,
harjoituspaikka,
harjukannas,
harjuleikkaus,
harjuntorppa,
harjupelto,
harjus,
harrastuskeskus,
hartaudenharjoituspaikka,
haustausmaa,
hauta,
hauta-alue,
hautakumpi,
hautakumpu,
hautakuoppa,
hautalaakso,
hautalaskeuma,
hautamuistomerkki,
hautamuodostuma,
hautapaikat,
hautapaikka,
hautapenkki,
hautarakennus,
hautasauna,
hautauma,
hautauspaikka,
hautauspalvelu,
,
hautavare,
hautoja,
havaintoasema,
heikkovirtainen kohta,
heinikkolahukka,
heinikkoniemi,
heinikkosaareke,
heinikkosaarekkeet,
heinikkosaari,
heino,
heinä,
heinäaapa,
heinäajotie,
heinähaasia,
heinähaasioiden pitopaikka,
heinähuone,
heinäkota,
,
heinäkämppä,
heinäladot,
heinälato,
heinälotti,
heinämaja,
heinämyyntiosuus,
heinänkuivatuspaikka,
heinänmyyntiosuus,
heinänpitopaikka,
heinäntekomaa,
heinäntekopaikka,
heinäosuus,
heinäpakka,
heinäpellot,
heinäpelto,
heinäsaareke,
heinäsaari,
heinäsarat,
heinäsarka,
heinäsarraimet,
heinäsuoja,
heinäsuova,
heinäsuovan paikka,
heinäsuuli,
heinätalli,
heinätie,
heinätysalue,
heinävainio,
heinävaja,
heittiömaa,
hemman,
hemmansnamn,
henkikirjakylä,
henämaa,
herraskartano,
hetearanne,
hevosajotie,
hevosen hauta,
hevosien hauta,
hevosmarkkinapaikka,
hevosrata,
hevosrattaat,
hevostie,
hevostienpohja,
hevosvesikierto,
hiekka-aho,
hiekkajuonto,
hiekkakaarre,
hiekkakaivannot,
hiekkakaivanto,
hiekkakaivo,
hiekkakasa,
hiekkamätäs,
hiekkapankit,
hiekkapankki,
hiekkatie,
hietapatteri,
hietaprunnialue,
hietikkolahti,
hiidenkirju,
hiidenkirnu,
hiidenkirnupaikka,
hiidenkirnut,
hiidenkiuas,
hiidenkiukaat,
hiidenkivi,
hiihtomaja,
urheilumaja,
hiilen polttopaikka,
hiilenpoltto paikka,
hiilenpolttoalue,
hiilenpolttohautoja,
hiilenpolttomäki,
hiilenpolttopaikka,
hiilentekopaikka,
hiilenvalmistuspaikka,
hiilien polttopaikka,
hiilien säilytyspaikka,
hiilienpolttopaikka,
hiilihaudan paikka,
hiilihaudan raunio,
hiilihaudat,
hiilihauta,
hiilihuoneenpaikka,
hiililato,
hiilimiilu,
hiilimiilun paikka,
hiilimiilun pohja,
hiilimiilunpaikka,
hiilimiilunpohja,
hiilimiilut,
hiilintekopaikka,
hiilipaja,
hiilivarasto,
hiiltenvalmistuspaikka,
hiiltämislaitos,
hiiltämö,
hila,
hilat,
hilla,
hillamaa,
hillapaikka,
hillapounikko,
hillapounu,
hillikko,
hinaaja,
hiomo,
hirret,
hirsi,
hirsiaho,
hirsialusta,
hirsilato,
hirsipaikka,
hirsiveistämö,
hissi,
hoilo,
hoitoalue,
hoitola,
hoitolaitos,
holi,
hollikamari,
hollit,
hollitupa,
holma,
holmat,
holme,
holvi,
honganrunko,
hongat,
honka,
hopeapaju,
hotelli,
hotellirakennus,
hotelliravintola,
hovi,
hovin haka,
hovin maat,
hovin osa,
hovin paikka,
hovin portti,
hovinpaikka,
hullujenhuone,
humalamaa,
humalanviljelyalue,
humalatarha,
humalatarhan paikka,
humalienkasvatuspaikka,
humalisto,
huolintaliike,
huoltamo,
huoltoasema,
huoltoaseman paikka,
huoltolaitos,
huoltoreitti,
huoltotie,
huone,
huoneet,
huoneisto,
huoneistokeskus,
huonekaluverstas,
huono kohta tiellä,
huopatehdas,
huutokunta,
huutopaikka,
huvialue,
huvikenttä,
huvila,
huvila-alue,
huvila-asumus,
huvila-asunto,
huvila-asutusalue,
huvila-asutuspaikka,
huvilamökki,
huvilan paikka,
huvilanpaikka,
huvilapaikka,
huvilapalsta,
huvilapalstatila,
huvilapalstga,
huvilarakennus,
huvilaryhmä,
huvilasaari,
huvilaseutu,
huvilat,
huvilatalo,
huvilatila,
huvilatontti,
huvilatonttoi,
huvilayhdyskunta,
huviloiden paikka,
huvimaja,
huvimajat,
huvipaikka,
huvipalsta,
huvipuistikko,
huvipuisto,
huvitila,
huvittelupaikka,
huvla,
hvila,
hyljeapaja,
hylkivalkama,
hylky,
hyllyräme,
hyppylauta,
hyppypaikka,
hyppyri,
hytin paikka,
hytinpohja,
hytti,
hyvila,
hyöteikön osa,
hyötymaa,
häkki,
hällor,
häme,
hämälänpaikka,
härkienpitopaikka,
härkähaka,
härkälaidun,
härkätarha,
härkätie,
hätäsatama,
höjd,
hökkeli,
hökkeliryhmä,
höylä,
höylän paikka,
höyläpaikka,
höyläsaha,
höyläämö,
höyläämörakennus,
höyrykone,
höyrymylly,
iH,
ie,
iemi,
iittysarka,
ija,
ijoki,
ikkunan alus,
illanviettopaikka,
ilmatorjuntapatterit,
ilonpitopaikka,
ilopaikka,
iltamapaikka,
imäki,
inapaikka,
instituutti,
invalidikoti,
invalidisairaala,
irtokanto,
irtokivet,
irtokivi,
irtokivilohkare,
irtolohkare,
irtolohkareet,
iso aukea,
iso lato,
istumispaikka,
ite,
itila,
itsellinen,
itsellispaikka,
itäinen puoli,
itäinenpää,
itälahti,
itälaide,
itämaa,
itäosa,
itäpelto,
itäpuoli,
itäpää,
itäraja,
itäranta,
itärinne,
jabbas,
jahti,
jahtilava,
jaka,
jakautumispaikka,
jakelupiste,
jako-osuus,
jakokunta,
jakomaa,
jakotila,
jakso,
jalanjälkiä,
jalankulkupaikka,
jalavankanto,
jalavat,
jalkakäytävä,
jalkakäytävät,
jalkamylly,
jalkapallokenttä,
jalkapolku,
jalkaporras,
jalkataival,
jaloittelupaikka,
jaloittelutarha,
jatapaikka,
jatke,
jatko,
jatko-osa,
jatulintarha,
jauhatusmylly,
jauhatuspaikka,
jauhomylly,
jauhotynnyri,
joen itäpuoli,
joen ja radan risteys,
joen kivikko,
joen kulkuväylä,
joen niemeke,
joen niska,
joen saari,
joen seutu,
joenniemeke,
joenniemi,
joenniska,
joensaari,
joensulku,
joenylityshirsi,
johde,
johdeaita,
jokela,
jokiauhto,
jokiautto,
jokikylä,
jokiluoto,
jokimaa,
jokimylly,
jokiniemeke,
jokiniemi,
autto,
jokirauma,
jokirinne,
jokisaari,
jokisilta,
,
joukkohauta,
joutoalue,
joutomaa,
joutomaa-alue,
joutomaakaistale,
joutomaalohko,
joutomaankappale,
joutomaanotkelma,
joutomaatilkku,
juhannusjuhlien pitopaikka,
juhannuskokkopaikka,
juhannussalko,
juhlakenttä,
juhlapaikka,
juhlasali,
jumalanpalveluspaikka,
juna,
junanvaunu,
junaradan piennar,
junkkala,
juntu,
juoksu,
juoksuhaudat,
juoksuhauta,
juoksuhauta-alue,
juoksukohta,
juoksunmutka,
juoksuoja,
juolua,
juoma,
juomahuone,
juomapaikka,
juomavedenottopaikka,
juomuspaikka,
juonenpaikka,
juonet,
juoni,
juonne,
juontipaikka,
juopottelupaikka,
juotomaa,
juotti,
juottopaikka,
juottotie,
juurakko,
juurakkomaa,
juurakot,
juuri,
juurikasmaa,
jyrhämö,
jyrkkä,
jyvärenkitorppa,
jyvätaksitorppa,
jäidensäilytyshuone,
jäidensäilytyspaikka,
jäkkiheinän kasvualue,
jäkälikkö,
jäkälämaa,
jäkälänkeruukeskus,
jälde,
jäljet,
jälki kalliossa,
jälki kivessä,
jängän ylityspaikka,
jänisfarmi,
,
jänkkävainio,
jänkäreitti,
jännitelinja,
järjestö,
järjestötalo,
järkäle,
järven luoto,
järven ympäristö,
järvenniemi,
järvenrantamutka,
järvenrantapalsta,
järvenrantarinne,
järvensaari,
järvenseudut,
järventörmä,
"järvi, kylä",
järviaukea,
järvien ympäristö,
järvikivi,
järvikuivion osa,
järvikuiviopalsta,
järvikunta,
järvilinja,
järvilohko,
järviniitynoja,
järvipalsta,
järviruohikko,
järvirämäkkeen itäinen puoli,
järämä,
jätekuona,
jätteitä,
jättö,
jättölampi,
jättömaa,
jättömaat,
jättömää,
jäven osa,
jää,
jäähalli,
jääkärikomppanja,
jäännökset,
jäänottopaikka,
jäärata,
jäärven osa,
kaahla,
kaakko,
kaakkoiskulma,
kaakkoiskärki,
kaakkoisoa,
kaakkoisosa,
kaakkoisosat,
kaakkoispää,
kaakkoisranta,
kaalatos,
kaalimaa,
kaareuma,
kaareutuma,
kaareutumat,
kaareva maa,
kaari,
kaarisilta,
kaarre,
kaarre rannassa,
kaarre tiessä,
kaarreke,
kaarrekohta,
kaarrevesi,
kaarros,
kaartama,
kaava-alue,
kaavoitusalue,
kadun osa,
kadunkulma,
kadunnimi,
kadunosa,
kadunpätkä,
kadut,
kaha,
kahlaamo,
kahlaamopaikka,
kahlauspaikka,
kahluualue,
kahluupaikka,
kahti,
kahvimaja,
kahvittelupaikka,
kainalo,
kaisla-alue,
kaislapuska,
kaislaranta,
kaislat,
kaislikko,
kaislikkoalue,
kaislikkokohta,
kaislikkolahti,
kaislikkoranta,
kaislikot,
kaita,
kaita kohta,
kaita suikale rannalla,
kaitale,
kaitamaan osa,
kaivanne,
kaivannos,
kaivannot,
kaivantaoja,
kaivanto,
kaivaus,
kaivettu kohta,
kaivi,
kaivo,
kaivohuone,
kaivon paikka,
kaivon sijaintipaikka,
kaivonpaikka,
kaivosoja,
kaivosyhdyskunta,
kaivosyritys,
kaivot,
kaivuoja,
kaivupaikka,
kaivuumonttu,
kaksi,
kaksoissaari,
kalakenttä,
kalankuivauslaitteet,
kalanpyyntipato,
kalanpyyntiruoti,
kalanpyyntökenttä,
kalanpyytökenttä,
kalapato,
kalapolku,
kalarisu,
kalastustontti,
kalatie,
kalaturo,
kalho,
kaljan säilytyspaikka,
kaljanjuontipaikka,
kalkin polttopaikka,
kalkinlouhintapaikka,
kalkinottopaikka,
kalkinpolttamo,
kalkinpolttopaikka,
kalkintekopaikka,
kalkkialue,
kalkkihauta,
kalkkilouhimo,
kalkkimaa-alue,
kalkkitehdas,
kalkkiuunit,
"kallio, metsä",
"kallio, metsäalue",
"kallio,metsä",
"kallio,niemi",
"kallio,niittu",
,
kalliokaiverrus,
kalliokannas,
kalliokellari,
kalliokuva,
kalliokoski,
kalliomerkki,
kallioletot,
kallioletto,
kallion,
kallion pata,
kallionlahti,
kallionlouhintapaikka,
kallionummi,
kalliotie,
kalmisto,
kalmiston paikka,
kalmistonpaikka,
kalustovaja,
kamari,
kammet,
kammio,
kampaamo,
kampikaivo,
kanaali,
kanala,
kananjalostuskeskus,
kanas,
kanaskoulu,
kanavanpuoli,
kanavanvarsipenkka,
kanervikko,
kangasaho,
kangaspuisto,
kangassalmi,
kangastaival,
kangastie,
kankaalla,
kankaiden väli,
kankaidenlaitamaa,
kankipaja,
kannikko,
kannokko,
kannot,
kansakoulu,
kansakoulun paikka,
kansakoulun rakennus,
kansakoulun tontti,
kansakoulunpalsta,
kansakoulupiiri,
kansakoulurakennus,
kansakoulut,
kansalaisopisto,
kansallispuisto,
kansankeittiö,
kansanopisto,
kansanopiston paikka,
kansanopistorakennus,
kansanpuisto,
kansansivistyslaitos,
kanskakoulu,
kantaosa,
kantapaikka,
kantatalo,
kantatila,
kanto,
kantoalue,
kanttiini,
kanttorila,
kapakka,
kapale,
kapaleet,
kapea alue,
kapea jatke,
kapea kohta,
kapea kohta tiessä,
kapea maastonkohta,
kapea paikka,
kapea väylä,
kapeakohta,
kapeikko,
kapeikko joessa,
kapeikkokohta,
kapeikonkohta,
kapeima,
kapein kohta,
kapeneva kohta,
kapeneva paikka,
kappale,
kappale maantietä,
kappale pellosta,
kappeli,
kappelinpaikka,
kappeliseurakunta,
kapulasillan paikka,
kapulasillat,
kapulasilta,
kapulatie,
kapulatiet,
kapunginosa,
karamellitehdas,
kareikko,
karikkoinen maa,
karikkoinen paikka,
karimaa,
,
karinottopaikka,
karjahako,
karjakaivo,
karjalaistila,
karjamäki,
karjan joen ylityspaikka,
karjan juomapaikka,
karjan kahlauspaikka,
karjan yliuittopaikka,
karjanhaka,
karjanjuottopaikka,
karjankuljetussilta,
karjansillat,
karjansilta,
karjansola,
karjantanhut,
karjantie,
karjapolku,
karjapolut,
karjaportti,
karjasillantalo,
karjasillat,
karjasilta,
karjasola,
karjasolan suu,
karjasulku,
karjatanhua,
karjatanhut,
karjatie,
karjatien pohja,
karjatila,
karjaveräjä,
karjopolku,
karjoraitti,
karjotie,
karkkipuoti,
karko,
karos,
karpalopaikka,
karsikko,
karsikkopuu,
karsikot,
karsina,
karta,
kartana,
kartano,
kartanoalue,
kartanomaa,
kartanon augmentti,
kartanon maa,
kartanon maat,
kartanon osa,
kartanon paikka,
kartanonosa,
kartanonpaikka,
kartanopalsta,
kartanot,
karti,
kartoituslinja,
kartoitustorni,
kartonkitehdas,
kartotustorni,
karttanimi,
kasa,
kases,
kasino,
kaskenpolttotie,
kaskisauna,
kasvattamo,
kasvatusaltaat,
kasvatuslaitos,
kasvihuone,
kasvihuonealue,
kasvihuoneet,
kasvillisuus,
kasvimaa,
kasvipuutarha,
kasvitarha,
kasvupaikka,
kataja,
katajat,
katano,
katava,
katedraali,
katettu kuoppa,
kati,
katos,
kattilakunta,
katto,
katu,
katujen kulmaus,
katujen risteys,
katuvalot,
kaukalo,
kaukolämpölaitos,
kauneushoitola,
kaupa,
kaupan edusta,
kaupan paikka,
kaupan piha,
kaupan seutu,
kaupan tontti,
kaupan ympäristö,
kaupanpaikka,
kaupat,
kaupinginosa,
kauppa,
kauppa-aitta,
kauppahalli,
kauppakartano,
kauppakatu,
kauppakeskus,
kauppakiinteistö,
kauppakojut,
kauppakorkeakoulu,
kauppakoulu,
kauppaliike,
kauppapaikka,
kauppapolku,
kauppapuoti,
kauppapuutarha,
kaupparakennus,
kauppatalo,
kauppatie,
kauppatila,
kauppatontti,
kauppatori,
kauppavarasto,
kaupungin,
kaupunginraja,
kaupungintalo,
kaura-aho,
kaurojen survomispaikka,
kauttakulkupaikka,
kava,
kavana,
kaventuma,
kedot,
kehikko,
kehikko puussa,
kehikot,
kehruuhuone,
kehruulaitos,
kehto,
keilahalli,
keilarata,
keinu,
keinumispaikka,
keinun paikka,
keinunpaikka,
keinupaikka,
keittiö,
keittiörakennus,
keittohuone,
keittopaikka,
keittotupa,
kellari,
kellarialue,
kellarien paikka,
kellarikuoppa,
kellarilantala,
kellarin paikka,
kellarin ympäristö,
kellarinpaikka,
kellaripaikka,
kellarit,
kello,
kelloseppä,
kellotapuli,
kellotorni,
kelo,
kelohonka,
kelontekemä,
kemppä,
kemä,
kenkätehdas,
kenttä,
kenttäalue,
kenttäaukeama,
kenttäkauppa,
kenttämoisio,
kenttäpaikka,
kenttäpirtti,
kenttärata,
kenttävahti,
kentän tienoo,
kentät,
keppitehdas,
kerho,
kerhomaja,
kerhorakennus,
kerhotalo,
kerhotila,
kerrostalo,
kerrostaloalue,
kerrostaloryhmä,
kerrostalot,
keräyspaikka,
kesanto,
kesantomaa,
keskijuoksu,
keskikievari,
keskikohta,
keskikylä,
keskilato,
keskimaita,
keskiosa,
keskipaikka,
keskus,
keskusalue,
keskuskatu,
keskuskylä,
keskuspaikka,
keskussairaala,
keskustalo,
keskusvankila,
keskusvarasto,
kessumaa,
kestikievari,
kestikievarin paikka,
kestikievaritalo,
kesäasumus,
kesäasunnon paikka,
kesäasunnot,
kesäasunto,
kesäasuntoalue,
kesäasuntotila,
kesäasutus,
kesähautapaikka,
kesähuvila,
kesähuvila-alue,
kesähuvilapaikka,
kesähuvilatontti,
kesäkartano,
kesäkoti,
kesäkoto,
kesäkööki,
kesälaidun,
kesälaidunalue,
kesälaidunpaikka,
kesäleiri,
kesämaja,
kesämajan paikka,
kesämajat,
kesämökkitie,
kesänavetan paikka,
kesänavetta,
kesänuotanvetopaikka,
kesäranta,
kesäsiirtola,
kesätie,
kesäuimala,
ketto,
kettufarmi,
kettujen oleskelupaikka,
kettujen pesimispaikka,
kettutarha,
kettutarhan paikka,
kettutarhan ruuanvalmistuspaik,
ketun pesä,
ketunkolot,
ketunluola,
ketunluolat,
ketunluolien paikka,
ketunpesäkolo,
ketunpesäpaikka,
ketunpesät,
ketunpyydys,
ketunpyyntipaikka,
ketupesien seutu,
kevari,
keväisin ja märkinä kesinä vet,
kibi,
kiekeröintipaikka,
kiertokoulu,
kiertolenkki,
kiertotie,
kiertoväylä,
kierä,
kievari,
kievaripuustelli,
kihlakunta,
kihlua,
kiikku,
kiikkualue,
kiikkupaikka,
kiikun paikka,
kiikunpaikka,
kiila,
kiimomispaikka,
kiinnityspaalut,
kiinnityssarka,
,
kiintolinja,
kiintopiste,
kiipeilyreitti,
kiisunottopaikka,
kiiv,
kilometrintorppa,
kilometripaalu,
kilometripylväs,
kilometripylväät,
kilpa-ajopaikka,
kilpa-ajorata,
kilparata,
kilta,
kimpivarasto,
kinkerikunta,
kinkeripiiri,
kinttupolku,
kioski,
kioskit,
kipari,
kirjakauppa,
kirjapaino,
kirjasto,
kirjastorakennus,
kirjastotalo,
kirkko,
kirkkoherran virkatalo,
kirkkokunta,
kirkkomaa,
kirkkopirtti,
kirkkopolku,
kirkkoportti,
kirkkoranta,
kirkkotalli,
kirkkotallit,
kirkkotie,
kirkkotontti,
kirkkovalkama,
kirkkovene,
kirkkoveneen säilytyspaikka,
kirkkoveneiden reitti,
kirkkoveneiden säilytyspaikka,
kirkkovenekatos,
kirkkoveneranta,
kirkkovenetalas,
kirkkovenevalkama,
kirkon krypta,
kirkon lähiympäristö,
kirkon paikka,
kirkon penkkirivit,
kirkon rauniot,
kirkon tienoo,
kirkon ympäristö,
kirkonkello,
kirkonkellot,
kirkonpaikka,
kirkonpohja,
kirkot,
kirnu,
kirnut,
kisailupaikka,
kisakallio,
kisakenttä,
kisapaikka,
kiuas,
kiukama,
kiv,
kiva,
kivalo,
kiven juuri,
kiven ulkonema,
kiven ympäristö,
kivenlouhintapaikka,
kivenmukelo,
kivenmurennuspaikka,
kivennostopaikka,
kivenottopaikka,
kivetys,
kiveys,
kivi joessa,
kiviaita,
kiviaitaus,
kivienhakkuupaikka,
kiviesteet,
kivihiomo,
kivijalat,
kivijalka,
kivijono,
kivijoukko,
kivijuotti,
kivikaivo,
kivikautinen asuinpaikka,
kivikellari,
kivikenkku,
kivikkoaho,
kivikkolahti,
kivikkovirta,
kivilaaka,
kivilaituri,
kivilautta,
kivilinja,
kiviloukkio,
kivimuuri,
kivimylly,
kivimöljä,
kivioja,
kivipato,
kivipenger,
kivipohjalähde,
kiviportti,
kivipykki,
kivipyykki,
kivipyykkikankaan osa,
kiviraiviot,
kivirakennus,
kivirakka,
kivirotko,
kivirummun seutu,
kivirönsikkö,
kivisautuma,
kivisieta,
kivisilta,
kivisyrjät,
kivitahko,
kivitalo,
kivitaloalue,
kiväärirata,
kjuja,
klivi,
klubi,
ko0ski,
koaski,
kodan paikka,
kodanpaikka,
koeampumalinja,
koelaitos,
koeviljelystila,
kohdat,
kohde,
selkäkohta,
kohta kanavassa,
selkäosa,
selkäpaikka,
kohta maantiessä,
kohta metsätiellä,
kohta polulla,
kohta rannalla,
kohta rannassa,
kohta tiellä,
kohta tiessä,
kohtaamispaikka,
kohtauspaikka,
koirien hoitopaikka,
koivikkoaho,
koivuistutus,
koivukuja,
,
koju,
kokkopaikka,
kokoamisaita,
kokoamispaikka,
kokon paikka,
kokon polttopaikka,
kokonpaikka,
kokonpolttopaikka,
kokonviettopaikka,
kokoontumisalue,
kokoontumispaikka,
kokouma,
kokoushuone,
kokouspaikka,
kokousrakennus,
kolinpaikka,
kolinpohja,
kolinpolttopaikka,
kolkka,
kolmio,
kolmiomittaustorni,
kolmionmittaustorni,
kolmiopiste,
kolo,
kolo kalliossa,
kolot,
kolve,
komero,
komerot,
kone,
konehalli,
koneiden säilytyspaikka,
konekivääripesäke,
konekorjaamo,
konepaja,
konepajan alue,
konepajojen paikka,
konto,
konttori,
konttorialue,
konttorirakennus,
kooju,
koppeli,
koppi,
koristepuuryhmä,
korjaamo,
korkeajännitelinja,
korkeakoulu,
korki,
korko,
koroke,
korotus,
korpikytö,
korpiniemi,
korpipalsta,
korpiranta,
korpisaareke,
korpisalmeke,
korpitie,
korpivuoman osa,
korpo,
korppi,
korsu,
korsujen rauniot,
korsut,
korteikko,
korteikkomutka,
korteikkopaikka,
kortepaikka,
kortesaari,
kortinpeluupaikka,
kortteikko,
kortteli,
korvenperukka,
korvensaareke,
korvikkoalue,
kosken mätäs,
kosken ympäristö,
koskenaro,
koskentörmä,
koskenvarsi,
koskikari,
koskimaa,
koskis,
koskitilat,
kostea heinää kasvava ala,
kosteikkosaajo,
kosteikon ylityspaikka,
kotihaka,
kotila,
kotimaa,
kotimuseo,
,
kotiranta,
kotiseututalo,
kotitalo,
kouhupaikka,
koulitila,
koulutila,
kourukivi,
kranaatinheitinkomppanja,
kranni,
krinni,
krinnit,
krinti,
krintti,
krouvi,
krouvin paikka,
krunni,
kruununmetsätorppa,
kruununpuisto,
kruununpuustelli,
kruununrustholli,
kruununtalo,
kruununtila,
kruununtorppa,
krök,
ktila,
kuhertelupaikka,
kuija,
kuilujen suut,
kuisti,
kuitu,
kuivaaja,
kuivaamolaitteet,
kuivaamorakennus,
kuivakangas,
kuivatuslato,
kuivaushuone,
kuivaussauna,
kuivunut rauma,
kuivuri,
kuivurin ympäristö,
kuja,
kujaiset,
kujamaa,
kujan alkuosa,
kujan jatke,
kujan kohta,
kujan mutka,
kujan osa,
kujan paikka,
kujan pää,
kujan pääte,
kujan pääty,
kujan suu,
kujanen,
kujanjatke,
kujanne,
kujanpätkä,
kujanpää,
kujansuu,
kujaset,
kujasien loppukohta,
kujasien pää,
kujasien päätekohta,
kujasten alku,
kujat,
kujien risteys,
kujien suu,
kujo,
kujoset,
kujosten osa,
kukkakauppa,
kukkapenkki,
kuljetuspaikka,
kuljetustie,
kuljetusväylä,
,
kulku-ura,
kulkupaikka,
kulkureitti,
kulkutautisairaala,
kulkutie,
kulkutienpää,
kulkuväylä,
kullanhuuhdontapaikka,
kulle,
,
kullepaikka,
kulma,
kulmaku,
kulmakuja,
kulmakulma,
,
kulmakunnan,
kulmakunnan osa,
kulmakunnan osa,
kulmakunnanosa,
kulmakunnat,
kulmakunta/kulmakulnta,
kulmakutna,
kulmakylä,
kulmankunnan paikka,
kulmanpaikka,
kulmapaikka,
kulmapalsta,
kulmat,
kulmaus,
kulmkaunta,
kulmkunta,
kulo,
kuloalue,
kulohonka,
kulomaa,
kulonpolttama alue,
kulopaikka,
kulotettu alue,
kulotettu osa,
kulotettu paikka,
kulotusalue,
kuloutunut osa,
kultakaivos,
kulttipaikka,
kulttuurikeskus,
kulttuurikoti,
kulttuuritalo,
kulä,
kumakunta,
kummeli,
kummittelupaikka,
kummituspaikka,
kummun osa,
kunnaliskoti,
kunnallinen keskus,
kunnalliskodin kohta,
kunnalliskodin osa,
kunnalliskodinosasto,
kunnalliskota,
kunnalliskoti,
kunnan keskus,
kunnan keskusta,
kunnan maa,
kunnan osa,
kunnanalue,
kunnankaivo,
kunnanmaa,
kunnanosa,
kunnanraja,
kunnansairaala,
kunnantalo,
kunnantalorakennus,
kunnantoimisto,
kunnantupa,
kunnare,
kunta,
kuntatalo,
kuntoilulaitealue,
kuntosali,
kuntoutuskeskus,
kuntoutuslaitos,
kuohu,
kuohukohta,
kuohupaikat,
kuohupaikka,
kuohupäinen kohta,
kuolinpaikka,
kuolmakunta,
kuonakasa,
kuopan sijaintipaikka,
kuoppakellari,
kuorinki,
kuormauspaikka,
kuplus,
kuppila,
kuputukikohta,
kurainen alue,
kurainen kohta,
kurainen maasto,
kurainen paikka,
kurakko,
kurakuoppa,
kurjakujaset,
kurkien pesät,
kurkipaikka,
kurkkio,
kurkko,
kurkku,
kurkunsu,
kuroutuma,
kurssikeskus,
kursu,
kuru,
kuruja,
kurun pää,
kurupaikka,
kurut,
kurva,
kurvi,
kuststräckning,
,
kutomaosasto,
kutomo,
kutsumanimi,
kuttuhaka,
kutu,
kuuntelupaikka,
kuuri,
kuusen latvus,
kuuset,
kuusiaita,
kuusikkoaho,
kuusimaja,
kuva,
kuvastuspaikka,
kuve,
kuvio,
,
kvarn,
kvarnområde,
kvarnplats,
kvi,
kvii,
kylien osat,
kylien raja,
kylien raja-alue,
kylien rajakohta,
kylien rajakulmaus,
kylien rajamaa,
kylien rajapiste,
kylien rajat,
kylien yhteisnimi,
kylien yhtymäkohta,
kylienosa,
kylienosat,
kylienraja,
kylkipönttö,
kyllästämö,
kylmakunta,
kylmä tila,
kylmätila,
,
kylpylaitos,
kylpylä,
"kylä, tie",
kyläjoen sivuhaara,
kyläkaivo,
kyläkappeli,
kyläkaupan paikka,
kyläkauppa,
kyläkeinu,
kyläkiikku,
kyläkiikkupaikka,
kyläkirkko,
kyläkolkka,
kyläkoulu,
kyläkuja,
kylämeijeri,
kylämuseo,
kylämäki,
kylän alavampi puoli,
kylän alku,
kylän alue,
kylän asutus,
kylän aukea,
kylän itäpuoli,
kylän kaista,
kylän kantapaikka,
kylän keskus,
kylän keskuspaikka,
kylän keskusta,
kylän kohta,
kylän kolkka,
kylän kulmaus,
kylän laita,
kylän luoteiskulma,
kylän maa,
kylän maat,
kylän nurkka,
kylän paikka,
kylän perukka,
kylän perä,
kylän puoli,
kylän puolisko,
kylän pää,
kylän raja,
kylän rajanaapuri,
kylän reuna,
kylän seutu,
kylän syrjä,
kylän takamaa,
kylän takamaita,
kylän tapainen,
kylän yhteisalue,
kylänaukea,
kylänkuja,
kylänlahti,
kylänlaita,
kylännurkka,
kylännurkkaus,
kylänosan osa,
kylänpaikka,
kylänperukka,
kylänportti,
kylänpuoli,
kylänpää,
kylänraitti,
kylänraja,
kylänrajalinja,
kylänrajan osa,
kylänrannan osa,
kylänranta,
kylänsalopuoli,
kylänurkka,
kylänurkkama,
kyläosa,
kyläosasto,
kyläosuus,
kyläpaikka,
kyläpaja,
kyläperukka,
kyläpolku,
kyläpuhto,
kyläpää,
kyläraitti,
kyläraja,
kylärajan metsäkulmaus,
kylärajat,
kyläranta,
kyläryhmittymä,
kyläryhmä,
kyläryhmän osa,
kyläryhmät,
kyläsaari,
kyläsoppi,
kyläsunti,
kyläsuon osa,
kylät,
kylätaajama,
kylätanhutta,
kyläti,
kylätie,
kylätiemäki,
kylätien kohta,
kylätien osa,
kylätienpätkä,
kylätienristeys,
kylätiensuu,
kylätieosuus,
kylätiesilta,
kyrö,
kytispaikka,
kytökuja,
kytökämppä,
kytölato,
kytöneva,
kytöoja,
kytösaareke,
kytötie,
kytötupa,
kytötuvat,
kyytipaikka,
kämppä,
kämpän paikka,
kämpän sija,
kämpän ympäristö,
kämpänautio,
kämpänpaikka,
kämpät,
käpyjenkuivaustarha,
käpykaristamo,
käreke,
kärjen kaula,
kärki,
kärkikaista,
kärkiosa,
kärkitie,
kärr,
kärritie,
kärrmark,
kärryhuone,
kärrypolku,
kärryteiden risteys,
kärrytie,
kärrytierinne,
kärrytiesilta,
kärryvaja,
kärvi,
käräjienpitopaikka,
käräjäkenttä,
käräjäpaikan ympäristö,
käräjäpaikka,
käräjätalo,
käsityöluokka,
käsityöläisyhteisö,
kätköpaikka,
kättytie,
kävelykatu,
kävelymatka,
kävelypaikka,
kävelypuisto,
kävelypuut,
kävelyreitti,
kävelysilta,
kävelytie,
käymälä,
käyntipaikka,
käytävä,
käänne,
käännös,
käännös tiessä,
kääntymispaikka,
kääntöpaikka,
kääntöveräjä,
käärmeennousupaikka,
käärmeiden talvehtimispaikka,
käärmepaikka,
kölli,
köllinimi,
köngäs,
köyhien hoitopaikka,
laaja,
laaja kohta,
laaja maa,
laajennus,
laajentuma,
laajentuma joessa,
laajentuma koskessa,
laajentuma ojassa,
laajentumat,
laajetumat,
laakakivi,
laakea alue,
laakea paikka,
laaksokot,
laani,
laanialue,
laanimaa,
laaninpaikka,
laanipaikka,
laattakivi,
laavu,
labhti,
lado,
ladon osa,
ladon paikka,
ladon puoli,
ladon sija,
ladonala,
ladonalat,
ladonmaa,
ladonpaikka,
ladonperusta,
ladonpohja,
ladot,
ladun paikka,
laen osa,
laen reuna,
laguuni,
lahde,
lahdelman tienoo,
lahden,
lahden seutu,
lahden tienoo,
lahden ympäristö,
lahdenlaita,
lahdennokka,
lahdenoja,
lahdenranta,
lahdensivut,
lahjoitusmaahovi,
lahjoitusmaaläänitys,
lahna-apaja,
lahnakutupaikka,
lahnavalkama,
laide,
laidunaita,
laidunniemi,
,
laidunsaari,
laiduntie,
laidunveräjä,
lainajyvästö,
lainamakasiini,
laita,
laita-alue,
laitama,
laitamaa,
laitamaasto,
laite,
laitokset,
laitos,
laitosalue,
laiva,
laivanhylky,
laivanhylyn paikka,
laivanrakennuspaikka,
laivaraakki,
laivasilta,
laivatelakka,
laivaveistämö,
laivavesistämö,
laivojen rakennuspaikka,
lajittelupaikka,
lakea,
lakea alue,
lakea paikka,
lakeuden osa,
lakeus,
lakiat,
lakien välimaasto,
lakimaa,
lakipaikka,
lakkakohta,
lakkapaikka,
laksi,
lalto,
lamhas,
lammasaitaus,
lammasaituus,
lammashaka,
lammaslaidun,
lammasläävi,
lammasnavetta,
lammasportti,
lammassuoja,
lammastarha,
lammen ympäristö,
lammenrannat,
lammoi,
lampaiden pitopaikka,
lampaidenjuottopaikka,
lampaidenpesupaikka,
lampaidenpitopaikka,
lampaittenpesupaikka,
lampero joessa,
"lampi,suo",
lampimainen laajennus,
lampimainen laajentuma,
lampiristeys,
lampis,
lampoi,
lampuoti,
lampuotila,
lampåi,
landsväg,
lankku,
lankkujen sahauspaikka,
lankkurakennelma,
lankkusilta,
lankunpaikka,
lankunsahauspaikka,
lankut,
lanssi,
lanssialue,
lanssimaa,
lanssipaikka,
lanttumaa,
lao,
laot,
lapi,
lapinhaudat,
laro,
lasikulma,
lasikulmaus,
lasitehdas,
laskettelumäki,
laskettelupaikka,
laskettelurinne,
laskettulupaikka,
laskeumapaikka,
laskeutuma,
lasku,
laskukanava,
lastaus- ja purkaussatama,
lastausalue,
lastauslaituri,
lastauslaiturin paikka,
lastausmaa,
lastauspaikat,
lastauspaikka,
lastausraide,
lastausranta,
lastaussilta,
lastenkoti,
lastentarha,
lastuupaikka,
lathi,
lati,
lato,
lato-oja,
latoaho,
latoalalahdeke,
latokartano,
latokorpi,
latomäki,
latu,
latva,
latva-alue,
latvaosa,
latvat,
laudat,
laudun,
lauhdeallas,
laukama,
laukamo,
laukku,
laulupaikka,
laustauspaikka,
lauste,
lautahökkeli,
lautahökkelit,
lautakoppi,
lautakota,
lautamaja,
lautamiehenpaikka,
lautan lähtöpaikka,
lautan paikka,
lautan rantapaikka,
lautanlastauspaikka,
lautaportaat,
lautaportti,
lautarakennukset,
lautarakennus,
lautat,
lautatarha,
lautatarha-alue,
lautatarhan alue,
lautavaja,
lautaveräjät,
lautojen säilytysalue,
lautri,
lautta,
lauttatupa,
lava,
lavan paikka,
lavotus,
lehmijunnut,
lehmikuja,
lehmipolku,
lehmiraitti,
lehmisavun paikka,
lehmisola,
lehmitarha,
lehmitie,
lehmiveräjä,
lehmukset,
lehmus,
lehmähaka,
lehmälaidun,
lehteri,
lehti,
lehtienotto,
lehtikuuset,
lehtilato,
lehtimaja,
lehtiraitti,
"lehto, niitty",
lehtonotko,
lehtosaari,
leikkaus,
leikkaushuone,
leikkauskohta,
leikkialue,
leikkikenttä,
leikkimaja,
leikkimäpaikka,
leikkimökin paikka,
leikkimökki,
leikkipaikka,
leikkipuisto,
leipomo,
leipomoliike,
leipomonpaikka,
leipomorakennus,
leipuri,
leipurinpaikka,
leipätehdas,
leirialue,
leirikeskus,
leirikylä,
leirintäalue,
leirintäalueen ruuanvalmistusp,
leiripaikka,
leivintupa,
leiviraunio,
lenkki,
lenkkipolku,
lentohiekka-alue,
lentohietikko,
lentokenttä,
lentokentän tienoot,
lentokoneen putoamispaikka,
lentokoneenputoamispaikka,
lentokonehalli,
lentokonesuoja,
lentomerkki,
lepikkoaho,
lepikkoniemi,
lepikkoranta,
lepikkosaari,
lepokivi,
lepokoti,
lepopaikka,
leppä,
,
lepurinliike,
leski,
letho,
letkuvaja,
lettoniemi,
lettoranta,
letveikkö,
levennys,
levennys tienmutkassa,
leventymät,
leventymä,
leveä kohta,
leveä osa,
leveä paikka,
leveähkö kohta,
leveämpi kohta,
leveämä,
levike,
levitys,
leviävä kohta,
levyliike,
levä,
levähdyspaikka,
leväluoto,
levämpi kohta,
lhti,
liakkolahti,
lieju,
liejualue,
liejuinen kohta,
liejuinen paikka,
liejukko,
liejumaa,
liejumaat,
liejumätäs,
liejupaikka,
lieko,
liete,
lietealue,
lietekasautuma,
lietekohta,
lietemaa,
lietemaat,
lietemaiden osa,
lietepalsta,
lietepalstat,
lieteranta,
lietesaari,
lietettä,
lietteenranta,
lietteet,
lietteinen alue,
lietteitä,
lieve,
lievemaa,
lihansäilytyslava,
lihansäilytyspaikka,
liikanimi,
liike,
liikekeskusta,
liikennepaikka,
liikenneympyrä,
liikepaikka,
liikeyritys,
liikuntaopisto,
liikuntapaikka,
liinanlikopaikka,
liinanliotuspaikka,
liitepalsta,
liiteri,
liitosalue,
liittopaikka,
liittymä,
liittymäkohta,
liituvarasto,
liiveri,
likakaivot,
likakurkku,
likaoja,
likapaikka,
likaportain,
likavesialtaat,
likkipaikka,
likopaikka,
limakko,
linja,
linja-auto,
linja-auto pysäkki,
linja-autoasema,
linja-autoaseman paikka,
linja-autojen tallit,
linja-auton kääntymispaikka,
linja-auton pysähdyspaikka,
linja-auton pysäkkipaikka,
linja-autopysäkki,
linja-autotallit,
linjan pää,
linjanpätkä,
linjataulut,
linjatie,
linjavalot,
linkkimasto,
linna,
linnake,
linnakkeenpaikka,
linnan rauniot,
linnanpaikka,
linnat,
linnavuori,
linnoituksen paikka,
linnoituksen rauniot,
linnoitus,
linnoitusalue,
linnoituskaivanto,
linnoitussuoja,
linnoitusvallitus,
linnunpesä,
linnunpyyntipaikka,
linnunvahtipaikka,
linnustuspaikka,
lintuhaudat,
lintujen pesimäalue,
lintujen pyydystyspaikka,
lintujen soidinpaikka,
lintujen soitimispaikka,
liola,
liotuskaivo,
liotuskaivot,
liotuspaikat,
liotuspaikka,
lipeänkeittopaikka,
lippous,
lisäalue,
lisähaarake,
lisäke,
lisälaidun,
lisämaa,
lisämaa-alue,
lisämaakappale,
lisämaapalsta,
lisämää,
lisäpalsta,
lisärakennus,
lisätila,
lisäviljelysalue,
liukurata,
lkahti,
lohikivi,
lohipato,
lohipatopaikat,
lohipatopaikka,
lohipoltos,
lohkaisupalsta,
lohkare,
lohkareet,
lohko,
lohkoitla,
lohkomaa,
lohkopalsta,
lohkopalstat,
lohkot,
lohkotila,
lohkotontti,
loisto,
loistorppa,
loistot,
loiva paikka kalliossa,
loppujuoksu,
loppumatka,
loppuosa,
loppupää,
lossi,
lossin kulkupaikka,
lossin paikka,
lossipaikka,
lossireitti,
lossitie,
lossitila,
lossiväylä,
lossiyhteys,
lotja,
lotjaveistämö,
louhikkosaari,
louhikon käytävä,
louhimispaikka,
louhimo,
louhintapaikka,
louhokset,
louhos,
louhosalue,
loukas,
loukko,
loulu,
lounaiskulma,
lounaisosa,
louto,
ltila,
luhde,
luhtalatoja,
luhtasauna,
luhtatupa,
luhtga,
luhti,
luhtia,
luhtirakennukset,
luhtirakennus,
luiro,
luistelupaikka,
luistelurata,
luistinrata,
lukio,
lukko,
lukkomaasto,
lukupiiri,
lukutupa,
lumisuo,
lumisuot,
lumppujenrepimö,
luoa,
luode,
luodokas alue,
luohikko,
luoma-aho,
luoman luhta,
luomantöyräs,
luonnonaho,
luonnonkanava,
luonnonkivi,
luonnonkolo,
luonnonkolve,
luonnonkoski,
luonnonluhta,
luonnonmuistomerkki,
luonnonniittylato,
luonnonniittysaurat,
luonnonoikku,
luonnonparantola,
luonnonpuisto,
luonnonpuistoalue,
luonnonsalmi,
luonnonsatama,
luonnonsuojelualue,
luonnonveräjä,
luontoalue,
luontopolku,
luostari,
luostarialue,
luostarin paikka,
luostarin rakennukset,
luostariseurakunta,
luoteiskolkka,
luoteiskulma,
luoteisniemi,
luoteisosa,
luoteispää,
luotsi,
luotsiasema,
luotsiasumus,
luotsipaikka,
luotsitorni,
luotsitupa,
luto,
luusua,
luva,
lyseo,
lähdehaara,
lähdekaivo,
lähialue,
lähialueet,
lähimaa,
lähiseutu,
lähistö,
lähitienoo,
lähiympäristö,
lähiö,
lähtökohta,
lähtöpaikka,
lämmittelypaikka,
länsihaara,
länsikärki,
länsilahti,
länsirinne,
länsitalo,
läntinen siipi,
läpikulkutie,
lääkevarasto,
lääkärikeskus,
lääni,
läänin alue,
lääninraja,
lågmark,
löytömaa,
löytöpaikka,
m,
maa-ja vesialue,
maa-paikka,
maa-palsta,
maaa-lue,
maaalue,
maaatoalue,
maahovin osa,
maajää,
maakaivanto,
maakapeikko,
maakappalet,
maakasautuma,
maakellari,
maakellarin paikka,
maakivi,
maakolmio,
maakunnan osa,
maakunnan sydänalue,
maakunnanosa,
maakunta,
maakupura,
maakylä,
maalaamo,
maalaiskunta,
maalaiskylä,
maalaista,
maalausliike,
maalautta,
maalinkeittopaikka,
maaluoto,
maamatka,
maamieskoulu,
maamiesseurantalo,
maamökki,
maan sarka,
maanalainen kohta,
maanapaikka,
maanhakupaikka,
maanhankintatila,
maaniittu,
maaniitty,
maanitynpala,
maanmittauspiste,
maanmittaustorni,
maanottopaikka,
maanvieremä,
maanvieremäpaikka,
maanviljelysalue,
maanviljelyskoulutila,
maanviljelystalo,
maanviljelystila,
maanvyörymä,
maanylityskohta,
maaosa,
maaosuus,
maapeltomaa,
maapirtti,
maapoterot,
maaraja,
maarekisterikylä,
maasarkale,
maasilta,
maastoeste,
maatalo,
maatalot,
maatalousoppilaitos,
maatila,
maatilan osa,
maatilan talouskeskus,
maatilat,
maatontti,
maatunut salmi,
maatupa,
maauimala,
maavaha,
maidon jäähdytyspaikka,
maidon kuorinta-asema,
maidon vastaanottopaikka,
maidonhakupaikka,
maidonsäilytyspaikka,
maihinnostopaikka,
maihinnousupaikka,
maihinousupaikka,
maihintulopaikka,
mainospylväs,
maitohuone,
maitokellari,
maitokoppi,
maitolaituri,
maitolaiturin paikka,
maitolaiturin ympäristö,
maitolava,
maitotalo,
maivakrunni,
maja,
majakan paikka,
majakka,
majakkasaari,
majamökki,
majan paikka,
majapaikka,
majapolku,
majat,
majatalo,
majatalon paikka,
majatupa,
majavanpesä,
majavanpyyntipaikka,
majoitusalue,
majoitushuone,
majoitusliike,
majoituspaikat,
majoituspaikka,
majoituspiste,
majojen paikka,
makapaikka,
makasiini,
makasiinin paikka,
makasiinit,
makeistehdas,
makkaratehdas,
makuupaikka,
mallassauna,
malmialue,
malmikaivos,
malmikasan pohja,
malmikivimurskaamo,
malmin lastauspaikka,
malmin varastoimisalue,
malminajotie,
malminkasaamispaikka,
malminkokoamispaikka,
malminkuljetuspaikka,
malminkuljetustie,
malminlastauspaikka,
malminnostopaikka,
malminottopaikka,
malto,
maneesi,
mankeliosasto,
mankila,
manner,
mannerkari,
mannerniemi,
mannersaari,
mansikkamaa,
mantereen kärki,
manttaali,
manttaalitila,
mapi,
marjapensaat,
mark,
marker,
markkinakenttä,
markkinapaikka,
marknadsplats,
marmorilouhos,
massto,
matala,
matala paikka,
matala kohta joessa,
matala osa,
matala kohta,
matala jatke,
matala alue,
matala paikka tiessä,
matala pää,
matala salmi,
matalikkoapaja,
matalikkolahti,
matalikkosaaret,
matalikkosaari,
matka,
matkailijakoti,
matkailumaja,
matkailuyritys,
matkamuistomyymälä,
matkusjoki,
matkustajakoti,
matonpesupaikka,
mehiläiskasvatustarha,
meijeri,
meijerilaitos,
meijerin kohta,
meijerin paikka,
meijerin talo,
meijerin tontti,
meijerirakennukset,
meijerirakennus,
meijeritontti,
meren puoli,
merenjättömaa,
merenpohja,
merentörmä,
merikortti,
merilinnoitus,
merimerkinkohta,
merimerkit,
merimerkki,
merin osa,
meripelastusasema,
merkki,
merkki kalliossa,
merkkikivi,
merkkikohta,
merkkikohta tiessä,
merkkipaalu,
merkkipaikka,
merkkipylväs,
mesikkö,
mesimarjamaa,
messukeskus,
mestauspaikka,
metallimutikka,
metallipaja,
metallitehdas,
metallityöpaja,
metroasema,
metroaseman tasanne,
metromonttu,
metsikköniemi,
metsonsoidinalue,
metsä ja pelto,
metsä ja peltoalue,
"metsä, kallioalue",
"metsä, neva",
"metsä, pellot",
"metsä,pelto",
"metsä,suo",
metsä- ja niittyalue,
metsä- ja niittypalsta,
metsä- ja peltoalue,
metsäkartano,
metsäkauppa,
metsäkylä,
metsäluoto,
metsämaan,
metsän,
metsäniemi,
metsänreunavalkama,
metsäopisto,
metsäpalohavaintotorni,
metsäranta,
metsärata,
metsäsaha,
metsäsomerikko,
metsästyskoppi,
metsätiemäki,
metsätierake,
metsätila,
metsätilat,
metsätilus,
metsätyrky,
metsätyöleiri,
metsätyömaa,
metsätyömaa-alue,
metsäyhtiö,
metsään hakattu linja,
metäs,
mielisairaala,
mielisairaalan paikka,
mielisairasosasto,
mies,
miesten kokoontumispaikka,
miestenosasto,
miilunpolttonummi,
miilunpolttorakennus,
miilurasi,
miilusauna,
miina,
mikroautorata,
minkkitarha,
minttua kasvava alue,
mittausraja,
mittaustorni,
mlkki,
mniemi,
monitoimihalli,
monitoimitalo,
moottori,
mosse,
mossmark,
motelli,
motti,
muikunmyyntipaikka,
muinaislinna,
muinaislöytöpaikka,
muinaismuistoalue,
muinaismuistopaikka,
muinaisranta,
muistokivi,
muistomerkin paikka,
muistomerkit,
muistomerkki,
muistopaikka,
muistopatsas,
mukka,
mukulakivialueet,
mullanhakupaikka,
mullannostopaikka,
mullanottopaikka,
mullilaidun,
multa-alue,
multahautamökki,
multahiekkarinne,
multakohta,
multakota,
multalohkot,
multamaa,
multatie,
multatöyräät,
multavalli,
munahauta,
muodostelma,
muodostuma,
muonamiehen paikka,
muonamiehen rakennus,
muonamiesasunto,
muonamiesmökki,
muonamiestalo,
muonamiestupa,
muonatorppa,
muonituspaikka,
muranottopaikka,
murhapaikka,
murka,
muronottopaikka,
muropaikat,
murskaamo,
murtosulku,
museo,
museoalue,
museon paikka,
museotorppa,
musiikkiliike,
musta,
mustikkamaa,
mustikkapaikka,
mutka tiessä,
mutkakohta tiessä,
muuntaja,
muuntajatorni,
muuntamo,
muuntoasema,
muurahaiskeko,
muurahaispesä,
muurahaisten munituspaikka,
muurainmaa,
muuri,
mykkäkoulu,
mylly,
mylly ja saha,
mylly-yhtiö,
myllyjen paikka,
myllykuti,
myllykylä,
myllylaitos,
myllyn paikka,
myllyn palsta,
myllyn sija,
myllyn sulut,
myllyn tienoo,
myllyn ympäristö,
myllynkivet,
myllynkivi,
myllynosa,
myllynpaikka,
myllynpalsta,
myllynpohja,
myllynrauniot,
myllynränni,
myllynsulku,
myllyoja,
myllypaikka,
myllypalsta,
myllypato,
myllyrakennus,
myllyrakennys,
myllyraunio,
myllysulku,
myllyt,
myllytie,
myllytila,
myllytontti,
myllytorppa,
myllytupa,
myllyväylä,
mylläri,
mylyl,
myr,
myrmark,
mytömaa,
myymälä,
myyntikoju,
myyntikonttori,
myyntipaikka,
myötämäki,
mäenlaskipaikka,
mäenlaskupaikka,
mäennotkelma,
"mäki, pelto",
"mäki,kallio",
mäkihyppypaikka,
mäkijuotti,
mäkikunta,
mäkikylä,
mäkilaidun,
mäkilatu,
mäkilinna,
mäkilouhikko,
mäkin paikka,
mäkinautio,
mäkinen mutka,
mäkinen tienkohta,
mäkipalsta,
mäkisola,
mäkitalo,
mäkitasanne,
mäktiupa,
mäktupa,
mälli,
mälo,
mälä,
mäneosa,
mäntypuu,
märkä,
märkä alue,
märkä kohta,
märkä kohta tiellä,
märkä maa,
märkä maasto,
märkä paikka,
märkäpaikka,
märät maat,
mätikkö,
mätikköalue,
mättäikkö,
mättäinen maasto,
mättäänhakupaikka,
mättäät,
mätäs,
mätäsalue,
mätäsmaasto,
mätäspaikka,
mäyrän pesän paikka,
mäyrän pesäpaikka,
mäyränpesä,
määräala,
mökkiniemen kärki,
möljä,
n8iemi,
naapuri,
naapurikylä,
naapuripitäjä,
naapuritalo,
naaro,
nahanparkkaamo,
nahka liotuspaikka,
nahkaliike,
nahkatehdas,
nahkavarasto,
nahkaverstas,
nahkiaistenpyyntipaikka,
nahkuri,
nahkuriliike,
nahkurinasunto,
nahkurinliike,
nahkurinverstas,
nahkuriverstas,
naistenosasto,
nakkikioski,
napakelkka,
narikat,
naulatehdas,
nautakaistale,
nautinta-alue,
navettakaivo,
necva,
neimi,
neljänneskunta,
nemi,
nenä,
nenäke,
neulatehdas,
neulomo,
"neva,metsä",
nevakytö,
nevalahdeke,
nevan ylityspaikka,
nevanlahti,
nevanranta,
nevansilmä,
nevansilmäke,
nevansuntti,
nevapeikko,
nevapirtti,
niemenhaara,
niemenkärkiluoto,
niemenpoukama,
niemensärkkä,
niemien väli,
niinikko,
niittosaari,
niittosuo,
niittupirtti,
niittutila,
"niitty, kytö",
"niitty, pelto",
"niitty,metsä",
niitty- ja metsäalue,
niitty-suoalue,
niittyaitaus,
niittyaitta,
niittyasumus,
niittyasunto,
niittyjen välinen alue,
niittykota,
niittykämppä,
niittyladot,
niittylato,
niittylatoja,
niittymaja,
niittymajat,
niittymökki,
niittypirtti,
niittypolku,
niittyreitti,
niittysauna,
niittysaunanraunio,
niittytie,
niittytila,
niittytupa,
niityn raja,
niitynraja,
nikkarinverstas,
nimismiehentalo,
nipukka,
niputuslaite,
nokanne,
nokka,
nostin,
nostinpaikka,
nostoalue,
nostolaite,
nostopaikka,
nosturi,
notkonreuna,
notkopuro,
nousiaisenpaikka,
nuiju,
nuiva,
nukkamo-osasto,
nukkuma-aitta,
numero,
numerot,
nuoriseurantalo,
nuorisokerho,
nuorison kokoontumispaikka,
nuorisoseura,
nuorisoseuran talo,
nuorisoseurantalo,
nuorisoseurantatalo,
nuorisoseuratalo,
nuorisotalo,
nuorisotila,
nuorisovankila,
nuoritilat,
nuorten huvittelupaikka,
nuorten kokoontumispaikka,
nuorten kuhertelupaikka,
nuortentilat,
nuotioalue,
nuotiopaikka,
nuotiosaari,
nuottaporukka,
nuottaulkujen paikka,
nuottavalkama,
nuottayhtiö,
nurkka,
nurkkakunta,
nurkkaus,
nurminiemeke,
nurmitaipaleenkanava,
nyodling,
nyodlingar,
näköala,
näköalatorni,
näkötorni,
näre,
oajn rinteet,
observatorio,
odlat område,
odling,
odlingar,
odotuspaikka,
oekti,
ohja,
oija,
oikaisu,
oikopolku,
oikoreitti,
oikotie,
ojasilta,
olento,
oleskelupaikka,
olkien säilytyshuone,
olkikatto,
olkisuoja,
olkusuoja,
oluenvalmistamo,
olutpanimo,
oluttehdas,
oma,
omakko,
omenapuu,
omenapuut,
omenapuutarha,
omenatarha,
ompelimo,
område,
onkikallio,
onkikivi,
opaste,
opatta,
opetuslaitos,
opinahjo,
opintolaitos,
opiskelija-asuntola,
opisto,
opistorakennus,
opotta,
oppikoulu,
oppilaitos,
optikko,
orko,
orpokoti,
orpolastenkoti,
osa kaivoksia,
osa karia,
osa kenttävainiota,
osa kirkonkyläää,
osa kotivainiota,
osa kylänosaa,
osa kyläryhmästä,
osa kylästä,
osa kylää,
osa pihapeltoja,
osa pikkutilaa,
osa puistosta,
osa puutarhaa,
osa saariryhmää,
osa saarta,
osa taloa,
osa talosta,
osa tiestä,
osa tietä,
osa tilaa,
osa tonttia,
osa-alue,
osaketalo,
osakeyhtiö,
osakylä,
osasto,
osatalo,
osatila,
osinkopalsta,
osoite,
ostopalsta,
ostoskatu,
ostoskeskus,
osuus,
osuuskassa,
osuuskassarakennus,
osuuskaupanpaikka,
osuuskauppa,
osuuskunta,
osuuskuntaliike,
osuusliike,
osuusliikkeen paikka,
osuusmeijeri,
osuusmeijerintalo,
otila,
ottelupaikka,
ovi,
paalu,
paalut,
paasi,
paatinpitopaikka,
paavalinryhmä,
padan paikka,
padon osa,
padon paikka,
padon varsi,
padonkohta,
padonpaikka,
padot,
padottu kohta,
paha paikka,
pahikko,
paho,
paikallistie,
paikan osa,
paikannimi,
paikka hevosille,
paikka härille,
paikka järvessä,
paikka lahdessa,
paikka maantiessä,
paikka polulla,
paikka polun varressa,
paikka tiellä,
paikka tien suussa,
paikka tiessä,
paikka tilalla,
paikka veneille,
"paikka,pelto",
paikkakunta,
paikkaseutu,
paikopaikka,
paisti,
paja,
paja ja mylly,
pajan paikka,
pajan pohja,
pajan rauniot,
pajanpaikka,
pajapaikka,
pajarakennus,
pajat,
pajojen alue,
paju,
pajukkosaari,
pajupehko,
pajupensas,
pajut,
pakari,
pakettitila,
pakopirtti,
pala,
palanut niittysauna,
palatsi,
paliskunta,
palkkamaa,
palkkijono,
palloilukenttä,
pallokenttä,
pallokeskus,
pallopelipaikka,
paloasema,
paloauto,
palokaivo,
palokaivos,
palokaluston säilytyspaikka,
palokangas,
palokunnan rakennus,
palokunnan talo,
palokunnantalo,
palomuuri,
paloruiskusuoja,
palotarvikevaja,
palotienpohja,
palotorni,
palsi,
palstapelto,
palstatalo,
palstatila,
palstotettu tila,
palvelukeskus,
palvelutalo,
panimo,
panimon paikka,
pankin konttori,
pankki,
pankkiautomaatti,
pankkirakennus,
panssarieste,
panssariesteet,
paperitehdas,
paperitehtaan paikka,
papila,
pappila,
pappilan alue,
pappilan kohta,
pappilan paikka,
pappilanmaat,
pappilanpaikka,
pappilantorppa,
pappilarakennus,
parakin paikka,
parakit,
parakkeja,
parakki,
parakkialue,
parakkien paikka,
parakkikylä,
parakkiryhmä,
parantola,
parantola-alue,
parilato,
parkitsemispaikka,
parkka,
parkkipaikka,
parkkipaikka-alue,
parkkivarasto,
parrunveistopaikka,
partaat,
partiolippukunta,
partiomaja,
parveke,
passilinja,
patahauta,
patikkapolku,
pato,
pato ojassa,
patoallas,
patoamispaikka,
patokiveys,
patokohta,
patolaite,
patolaitos,
patopahanen,
patopaikka,
patorakennelma,
patosilta,
patsaat,
patsas,
patteri,
patterialue,
patterin paikka,
pauha,
pauhan osa,
pauhu,
pavilijonki,
pavilijonkikoulu,
paviljonki,
pe3lto,
peelto,
pehkulato,
pehkumo,
pehkunnostonpaikka,
pehkunnostosuo,
pehkunottopaikka,
pehkusuo,
pehkutie,
pehmeikkö,
pehmeä kohta tiessä,
pelailupaikka,
pelikenttä,
pelipaikka,
pellavaliko,
pellavan liotusläpi,
pellavan liotuspaikka,
pellavanlikopaikka,
pellavanliotuspaikka,
pellavasarka,
pellavien liotuspaikka,
pellavien lioutuspaikka,
pellavienlikolahti,
pellavienliotuskaivanto,
pellavienliotuspaikka,
pellon,
"pelto, metsä",
"pelto, metsäalue",
"pelto, niitty",
"pelto, suo",
"pelto, suoalue",
"pelto, talo",
"pelto,haka",
"pelto,metsä",
"pelto,vainio",
pelto- ja laidunalue,
pelto- ja metsäalue,
pelto- ja metsäsarka,
pelto- ja niittyalue,
pelto- ja niittyalueen osa,
"pelto-, niitty- ja metsäalue",
pelto-oja,
peltohaka,
peltokannas,
peltokuja,
peltosaaren osa,
peltolato,
peltoranta,
peltotie,
peltotila,
peltoviemäri,
peltovuoma,
penkereen osa,
penkki,
penkkikivi,
pensaat,
pensas,
pensikkoranta,
perikunta,
perintomaa,
perintölotti,
perintömaa,
perintöosuus,
perintöpaikka,
perintöpalsta,
perintöpirtti,
perintötalo,
perintötalon osa,
perintötila,
perintötorppa,
perkaus,
pernakuappia,
perunakellari,
perunakellarin paikka,
perunakellarin seutu,
perunakellarit,
perunakuopan paikka,
perunakuopat,
perunakuoppa,
perunakuoppamäki,
perunansäilytyspaikka,
perunansäilytysvarasto,
peruskallio,
peruskivet,
perusosa,
perustukset,
peräkunta,
perämeri,
peränne,
peräpalsta,
pesuhuone,
pesula,
pesularakennus,
pesupaikka,
pesuranta,
pesutila,
pesutupa,
pesuvalkama,
pesäpallokenttä,
petlo,
peto,
petäjä,
petäjät,
peurahauta,
piaktie,
piehtarointipaikka,
pieksäntäpuu,
pieleksenpaikka,
pielesala,
pielespaikka,
pielespohja,
pienasumus,
pieni,
pienisaari,
pieniuoma,
pienkonekenttä,
piennarpala,
piennartie,
pienoisrautatie,
pientaloalue,
pienteollisuusalue,
pientila,
pienviljelmä,
pienviljelystila,
piha,
piha-aitaus,
piha-aituus,
piha-alue,
piha-alueen osa,
piha-aukea,
piha-aukeama,
piha-aukean osa,
piha-aukio,
pihakaivo,
pihakappale,
pihakivi,
pihakuusi,
pihalato,
pihamaa,
pihamaan osa,
pihamökki,
pihanpäärakennus,
pihanurmikko,
pihapalsta,
pihapetäjä,
pihaportit,
pihaportti,
pihapuu,
pihapääte,
piharakennuksenosa,
piharakennus,
pihatie,
pihatupa,
pihavarasto,
pihaveräjä,
pihaviljelykset,
pihlaja,
pihlajarivistö,
pihlajaryhmä,
pihlajat,
piikainluhti,
piilopaikat,
piilopaikka,
piilopirtin paikka,
piilopirtit,
piilopirtti,
piilovarastot,
piirileikkipaikka,
piirileikkoaho,
piirinpyörintäpaikka,
piiripaikka,
piiriraja,
piisamitarha,
piiskauspaikka,
pika-asutustila,
pikaruokala,
pikaruokaravintolaketju,
pikipaikka,
pikipelto,
pikiruukin paikka,
pikitehdas,
pikkuaukea,
pikkukäpykaara,
pikkumeijeri,
pikkumökki,
pikkupaikka,
pikkupalsta,
pikkusaari,
pikkutalo,
pikkutie,
pikkutila,
pinta-aita,
pintakallio,
pintaluoto,
pintalähde,
piparjuurimaa,
piro,
pirssi,
pirssialue,
pirssipaikka,
pirtin paikka,
pirtin rauniot,
pirtinpaikka,
pirtit,
pirtti,
pirttiaho,
pirttimökki,
pirttirakennus,
pirtunkuljetusreitti,
pirunpelto,
pistetalot,
pistoraide,
pitkospolku,
pitkospuiden alkukohta,
pitkospuujono,
pitkospuupaikka,
pitkospuusilta,
pitkospuut,
pitkospuutie,
pitkossilta,
pitkuspuut,
pitkä suora,
pitopaikka,
pitäjien välinen alue,
pitäjienraja,
pitäjä,
pitäjän keskus,
pitäjän keskusta,
pitäjän osa,
pitäjän raja,
pitäjänraja,
pitäjät,
pitään osa,
pizzeria,
pja,
plahti,
plassi,
plsta,
plätti,
pohja,
pohja-ala,
pohjakumpu,
pohjakuoppa,
pohjoiskärki,
pohjoislahdelma,
pohjoislahti,
pohjoisniemi,
pohjoisranta,
pohjukat,
pohjukka,
pohjukka suossa,
pohjukkalahti,
pohjukkaosa,
poikakoti,
poikkileikkaus,
poikkipuut,
poikkitie,
poikkiväylä,
poikkuja,
poja,
poliisiasema,
poliisilaitoksen putka,
poliisilaitos,
poliisimaneesi,
poliisiputka,
poliisivankila,
poliklinikka,
polkiu,
polku,
polku-ura,
polkuahde,
polkuja,
polkujen risteys,
polkun osa,
polkupyörätehdas,
pollari,
poltokset,
poltos,
polttaja,
poltti,
polttohytti,
polttopuidensahauspaikka,
polttopuupaikka,
polttorakennus,
polun reuna,
polut,
polveke,
polvekekohta,
polvekkeet,
polvi,
pommikellari,
pommisuoja,
pontikankeittopaikka,
pontikkapaikka,
pontikkatehdas,
porausreiät,
poroaidan pitopaikka,
poroaita,
poroaitaus,
poroaitausten paikka,
poroaituus,
poroerottelupaikka,
poroerotusalueen osa,
poroerotuspaikka,
porojen kokoamispaikka,
porojen lypsypaikka,
porojen paikka,
porojen säilytyspaikka,
porokaarre,
porolaidun,
poronerotusaitaus,
poronhoitoalue,
poropirtti,
porraskäytävä,
porrastettu alue,
porrastie,
porrastus,
portaan viimeisen askelman koh,
portin seutu,
porttireimarit,
porttitupa,
posti,
postiasema,
postilaatikko,
postilinja,
postinheittopaikka,
postinjakelupaikka,
postinjakopaikka,
postinkulkutie,
postintalo,
postintalon kulma,
postiosoite,
postipaikka,
postipankki,
postipysäkki,
postirakennus,
postireitti,
postitalo,
postitie,
postitoimipaikka,
postitoimisto,
potaskankeittopaikka,
potaskanpolttopaikka,
potilasosasto,
potku,
potkupadonpaikka,
poukama,
poukamakohta,
poukaman perä,
poukamat,
poukamo,
pounu,
pqlto,
presidentinlinna,
proomujenkorjauspaikka,
proomuntekoalue,
proomutelakka,
propsien laivauspaikka,
pubi,
pudaan osa,
pudas,
pudoke,
pudotus,
pudotuslaituri,
pudotuspaikka,
puhdistamo,
puhelinkeskus,
puhelinkeskuspaikka,
puhelinlinja,
puhelintie,
puhta,
puhti,
puhto,
puhujakoroke,
puistikko,
puistokatu,
puistokuja,
puistokäytävä,
puistokäytävät,
puistomaa,
puistomainen alue,
puiston osa,
puistonosa,
puistotie,
puitten kokoamispaikka,
pukeutumiskoppi,
pukuhuone,
pukusuoja,
pulkkamäki,
pullistuma,
pumppaamo,
pumppu,
pumppuamo,
pumppuasema,
pumppuhuone,
pumppukaivo,
pumppulaitos,
punkkeri,
punttisali,
puodit,
puoji,
puokama,
puokio,
puolapuut,
puoli,
puolikunta,
puolukka-alue,
puolukkamaa,
puolukkamaasto,
puolukkamarikko,
puolukkapaikka,
puolustuslinja,
puolustuslinjan osa,
puolustuspaikka,
puomi,
puomijono,
puomitus,
puori,
puoti,
puotirakennus,
puottopaikka,
purakko,
purkauspaikka,
purku- ja lastauspaikka,
purkupaikka,
purol,
puromylly,
puron ja radan risteys,
puron pudas,
puron sulkulaite,
puronniemeke,
puronsilta,
purosilta,
purotammi,
puru,
purupaikka,
purupolku,
pururata,
putaan lisäke,
putaan osa,
putaanosa,
putaanpohja,
putaansuu,
putka,
putki,
puto,
puu,
puuaita,
puualue,
puuammeet,
puuhiomo,
puuhuone,
puuhuvilayhdyskunta,
puuhökkeli,
puuliiteri,
puulinnoitus,
puun juuri,
puun kohta,
puun paikka,
puunkanto,
puunpolttopaikka,
puunrunko,
puuntaimikko,
puupalsta,
puupinon paikka,
puuportti,
puurakennelma,
puurakennus,
puurakot,
puuristi,
puurivi,
puurivistö,
puuronkeittopaikka,
puurumpu,
puurunko,
puuryhmä,
puuryhmät,
puuränni,
puusepänliike,
puusepäntehdas,
puusepänverstas,
puusilta,
puusorvaamo,
puustelli,
puustellin osa,
puusto,
puusulku,
puusuoja,
puut,
puutavaraliike,
puutavarayhtiö,
puutehdas,
puutolppa,
puutto,
puutyöverstas,
puuvaja,
puuvarasto,
puuvarastoalue,
puuvarastopaikka,
puuverstas,
puuveräjä,
puuvillatehdas,
pyhä paikka,
pykälikkö,
pykälät,
pylväs,
pylväät,
pyrrönsaari,
pystyaita,
pysähdyspaikka,
pysähdyspaikka meressä,
pysähtymispaikka,
pysäkki,
pysäköintialue,
pysäköintipaikka,
pytinki,
pyydys,
pyydyspaikka,
pyydystyspaikka,
pyykinhuuhtomispaikka,
pyykinkuivauspaikka,
pyykinpesu,
pyykinpesukoppi,
pyykinpesukota,
pyykinpesupaikka,
pyykinpesuranta,
pyykipesupaikka,
pyykki,
pyykkihuone,
pyykkikivi,
pyykkilaituri,
pyykkilaiturin paikka,
pyykkilähde,
pyykkipaikka,
pyykkiranta,
pyykkitupa,
pyykkivalkama,
pyykkäyspaikka,
pyyntialue,
pyyntimatalikko,
pyyntimökit,
pyyntimökki,
pyyntipaikat,
pyyntipaikka,
pyyntiranta,
pyytötie,
pyöli,
pyörykkä,
pyöräilystadion,
pyöräilytie,
pyöräke,
pyöräkorjaamo,
pyörärata,
pyörätie,
päijänne,ERISNIMI
päiväkoti,
päkki,
päreenhöyläyspaikka,
päreentekopaikka,
pärehöylä,
pärehöylän paikka,
pärehöylänkotus,
päreidentekolaitos,
päresaha,
pärhöylä,
pätkä,
pätkäraide,
pävehöylä,
päähaara,
pääkatu,
pääkaupunki,
pääkonttori,
pääkylä,
päällys,
pääluostari,
päämajapaikka,
pääpaikka,
pääpaloasema,
pääsatama,
pääte,
päätepysäkki,
päätie,
pääty,
päävalkama,
pöhikkö,
pölkky,
pölkytys,
pönttö,
pötsi,
pöytä,
raade,
raakki,
raamisaha,
raatteikko,
radan mutka,
radan mutkat,
radan osa,
radan pohja,
radan ylikulku,
radanhaara,
radanosa,
radanpenkere,
radanseisake,
radanvarsi,
radanvarsialue,
radanvarsimaa,
radanylityspaikka,
radioasema,
radiomasto,
raha,
rahalaitos,
rahastushalli,
rahikko,
rahkanottopaikka,
rahkaoja,
rahkasammal,
rahkion osa,
raho,
rahtitie,
raide,
raidealue,
raiskio,
raita,
raiteen osa,
raiteet,
raitinalkupaikka,
raitiovaunuhalli,
raitiovaunupysäkki,
raitti,
raja,
raja-aita,
raja-alue,
raja-oja,
rajajoki,
rajakari,
rajakilpi,
rajakivet,
rajakivi,
rajakko,
rajakohta tiessä,
rajakylä,
rajamänty,
rajaoja,
rajapelto,
rajapuro,
rajapuut,
rajapyykkikallio,
rajapyykkikivi,
rajasaari,
rajasammas,
rajasarka,
rajaseutu,
rajasilta,
rajat,
rajatie,
rajatolpat,
rajatolppa,
rajavartioasema,
rajavartiosto,
rajaveräjä,
rajaviiva,
rajavirta,
rajaväylä,
rajojen kulmaus,
rajojen leikkauskohta,
rajojen leikkauspiste,
rajojen yhtymäkohta,
rajojen yhtymäpaikka,
rakeistamo,
rakennelma,
rakennelmat,
rakennukseton paikka,
rakennuskehikko,
rakennustyömaa,
rakka,
rakkainen,
rakkamaa,
rakuunatorppa,
rangaistuskopit,
rangaistuspaalu,
rangaistuspaikka,
rangaistusväline,
rankaisupaikka,
rannankylä,
ranta-asutus,
ranta-asutusalue,
rantahaka,
rantahuone,
rantahuoneet,
rantahuvila,
rantakivet,
rantakivi,
rantakivikko,
rantakiviä,
rantakoppi,
rantakylä,
rantalaituri,
rantamasuuni,
rantamökki,
rantaniittylato,
rantapato,
rantapoukama/rantpoukama,
rantapudas,
rantaruukin paikka,
rantaruukinpaikka,
rantasauna,
rantasaunan alue,
rantasärkkä,
rantatie,
rantavalkama,
rantsapalsta,
rapa-alue,
rapainen paikka,
rapakivi,
rapakivialue,
rapamaa,
rapamaa-alue,
rapanen paikka,
rapautumisonkalo,
rappu,
rappuset,
rasti,
rata,
rata-alue,
ratajakso,
rataosa,
rataosuus,
ratapenger,
ratapenkanosa,
ratapiha,
ratapysäkki,
rataspolku,
ratastie,
ratasvaja,
ratavalli,
ratavartijanrakennus,
rati,
ratna,
ratsastuskenttä,
ratsastusreitti,
ratsupolku,
ratsutila,
ratsutilan puolisko,
rattaidenpaikka,
raudanpolttopaikka,
raudansulatuspaikka,
raudantekopaikka,
raudanvalmistuslaitos,
raudanvalmistuspaikka,
rauma,
raumat,
raunio,
raunioaita,
raunioalue,
raunioiden paikka,
rauniomökki,
rauniopaikka,
rauniopirtti,
rauniot,
rauta,
rauta-ala,
rauta-alue,
rautahytin paikka,
rautakaivokset,
rautakauppa,
rautamaa,
rautamajakka,
rautamalmin säilytyspaikka,
rautapaikka,
rautaputkivalimo,
rautaruukki,
rautasulattamo,
rautat,
rautatehdas,
rautatehtaan paikka,
rautatie,
rautatiemäki,
rautatientori,
rautatienvarsipalstat,
rautatiesillan penger,
rautauunit,
rautiaisenpaikka,
ravanottoalue,
ravanottopaikka,
ravintola/ravintoal,
ravintolan edusta,
ravintolan osa,
ravintolanpaikka,
ravintolarakennus,
ravirata,
ravirata-alue,
ravustuspaikka,
reellevveys,
reen kääntöpaikka,
rehevä alue,
rehukuoppa,
rehusekoittamo,
rehusuoja,
reikä,
reimaparit,
reimari,
reimaripaikka,
reimaripari,
reimariryhmä,
reimarit,
reitti,
rekisterikylä,
rekitie,
rekivaja,
renama,
rengas,
renki,
renkipirtti,
retkeilyalue,
retkeilykeskus,
retkeilykoti,
retkeilymaja,
retkeilypaikka,
reuna,
reuna-alue,
reunama,
riihen edusta,
riihen sarat,
riihen seutu,
riihen takainen alue,
riihen ympäristö,
riihentausta,
riihimäki,
riippusilta,
riisi,
riistamaa,
riistan syöttöpaikka,
riistanruokintapaikka,
riistapolku,
riitelypaikka,
rila,
rimalaani,
rimanpolttopaikka,
rimojenpolttopaikka,
rimpilahti,
rinki,
rinnakkaisnimi,
rinnakkaisnimitys,
rinnehaka,
rinnehuhta,
rinnetie,
ristaana,
risteyksen kulma,
risteyksen seutu,
risteyksen ympäristö,
risteys,
risteysalue,
risteyskohta,
risteyspaikka,
risti,
risu,
risuaita,
risukarhi,
risukasa,
risuläjä,
risut,
riuku,
riukuaitaus,
riukuveräjä,
rivi,
rivinpää,
rnata,
romeikkoniemi,
romukauppa,
romuliike,
roni,
ropsinkuorimispaikka,
roskakasat,
rova,
rovastinpappila,
rtalo,
rudannostopaikka,
rudanottopaikka,
ruiskuhuone,
rukoushuone,
rukoushuoneen paikka,
rukoushuonekunta,
rukoushuonen,
rukoushuoneseurakunta,
rula,
rumppu,
rumpu,
rumpukohta,
ruoan säilytyspaikka,
ruohikkorasta,
ruoholahdet,
ruoikko,
ruoka-aitta,
ruokailuhuone,
ruokailumökki,
ruokailupaikka,
ruokakauppa,
ruokala,
ruokalaparakki,
ruokalarakennus,
ruokapaikka,
ruokatupa,
ruokiensäilytyspaikka,
ruokintapaikka,
ruokinto,
ruoko-alue,
ruona,
ruopanottopaikka,
ruoppamaa,
ruoskintapaikka,
ruoti,
ruotumaa,
ruotutorppa,
ruovikko,
rustholli,
rustitila,
rutamaa,
rutapalsta,
ruuhensäilytyspaikka,
ruuhi,
ruukki,
ruukkutehdas,
ruumiinavauspaikka,
ruumisaitta,
ruumisarkkuliike,
ruumishuone,
ruumishuoneen paikka,
ruununpuustelli,
ruununtorppa,
ruupanottopaikka,
ruutikellari,
ruutikellarit,
ryhmittymislinja,
ryhmä,
rykelmä,
ryki,
ryssjeplatser,
ryyppypaikka,
ryytimaa,
rälssi,
rälssisäteri,
rälssitalo,
rälssitila,
rämeen,
ränni,
räätälin paikka,
räätälinliike,
räätälinpaikka,
rå,
röttelö,
röykkiö,
saarat,
saarei,
saarekas,
saarema,
saaren joenmutka,
saaren selkä,
saarenklipu,
saarenselkä,
saarentienoo,
saarentupsu,
saaripalsta,
saaripitäjä,
saaristokunta,
saaristopitäjä,
saarnahuone,
saarnahuono,
saarnapaikka,
saarneosa,
saaroi,
saarta,
saarten väli,
saha,
saha-alue,
sahaamispaikka,
sahajauhokasa,
sahakangas,
sahakenttä,
sahalaitoksen jäännökset,
sahalaitoksen tienoo,
sahalaitos,
sahalaitosalue,
sahamylly,
sahan alue,
sahan osa,
sahan osasto,
sahan paikka,
sahan seutu,
sahan ympäristö,
sahanpaikka,
sahanpurujen kaatopaikka,
sahanpuruvuori,
sahaosuuskunta,
sahapaikka,
sahapalsta,
sahapukit,
sahapukki,
saharakennus,
sahauspaikka,
sahauspukit,
sairaalan ympäristö,
sakara,
sakasti,
sakastin jatke,
saksanrimpi,
salainen paikka,
salakari,
salanne,
salapuro,
salapuu,
salaset,
salenne,
sali,
salme,
salmenranta,
salmentausalue,
saloapalsta,
saloasutus,
salokylä,
salon osa,
salonteet,
salopalsta,
salopalsta-alue,
salopalstat,
salopelto,
salotila,
salotupa,
salpausselkä,ERISNIMI
sami,
sammakkopaikka,
sammal,
vesisammal,
sammallato,
sammalluhta,
sammaloja,
sammalpounikko,
sammalsaari,
sammalsarain,
sammalsuopalsta,
sammalsuot,
sammalteltta,
sandtag,
sankmark,
santaplassi,
santikko,
santikonnokka,
sara-alue,
saraani/sarani,
saraat,
sarain/sarai,
sarakkomättäät,
sarakkosaari,
sarama,
saraneva,
saren osa,
sari,
sariryhmä,
sarkaoja,
sarkatamppi,
sarrain,
sarva,
satama,
satama-allas,
satama-alue,
satamakonttori,
satamalahti,
satamansuu,
satamapaikka,
satamaranta,
satamarata,
sauma,
sauna,
sauna-apaja,
sauna-asumus,
saunakaivo,
saunakota,
saunalaitos,
saunamaja,
saunamökki,
saunan paikka,
saunan rauni,
saunan rauniot,
saunan seutu,
saunan sijaintipaikka,
saunanpaikka,
saunapaikka,
saunarakennus,
saunaranta,
saunat,
saunatontti,
saunatupa,
saunojen paikka,
saura,
sauranala,
sauranalat,
sauranpohja,
saurat,
saurojenosa,
savijankko,
savikaivo,
savikkoranta,
savikuppa,
savilampi,
saviluoto,
saviniemi,
savipaja,
savipelto,
saviranta,
savirapakot,
savitaipale,
savitehdas,
savivalimo,
savotta,
savottakämppä,
savottapaikka,
savottapirtti,
savottapirttiryhmä,
savottatukikohta,
savupirtinpaikka,
savupirtit,
savupirtti,
savusauna,
savustusuuni,
savutupa,
seinä,
seinämä,
seipäät,
seisake,
seisaske,
seiväs,
sekamaa,
sekatavarakauppa,
sekatavaramyymälä,
selkäkari,
selkäsaari,
sementtirengas,
sementtivalimo,
sementtivalimon seutu,
seminaarirakennus,
seppä,
sepän paikka,
sepänpaikka,
sepänpaja,
sepäntorppa,
seudut,
seurakunta,
seuru,
seurustelupaikka,
seutu,
seutualue,
seutukulma,
seutukunnan osa,
seutukunta,
si8lta,
siantarkastamo,
sidodike,
sidofåra av ån,
siemenpuu,
sienipaikka,
siilo,
siirtolaisalue,
siirtolohkareiden väli,
siirtomaalohkare,
siirtomaalohkareet,
siiveke,
sijaintipaikka,
sijat,
sijoituspaikka,
sika-apaja,
sikahaka,
sikalaidun,
sikolaidun,
sikopiiri,
sikta,
sila,
silahkakrunni,
silahkamatala,
silahkarunni,
sileä kohta metsässä,
sillan alusta,
sillan korva,
sillan pää,
sillan suu,
sillan tienoo,
sillan vierusta,
sillan ympäristö,
sillankorva,
sillanpää,
sillansuu,
sillantaka,
sillantienoo,
sillanvierusta,
sillanympäristö,
silta,
siltakohta,
siltapaikka,
siltarakennelma,
siltarumpu,
siltatehdas,
siltoja,
siltojen pielet,
silvanto,
sip,
sippo,
sipulinkäsittelylaitos,
sirkkelisaha,
sirpalesuoja,
sisarosuuspalsta,
sisämaa,
sisäpiha,
sisäpuutarha,
sisäänkäynti,
sisääntuloväylä,
sitla,
siunauskappeli,
sivistyslaitos,
sivu,
sivukartano,
sivukylä,
sivuliike,
sivuluostari,
sivumaa,
sivumyymälä,
sivuraide,
sivutalo,
sivutie,
sjuo,
sjö,
skangas,
slummialue,
slami,
so,
sockenrå,
soiden väli,
soiden yhtymäkohta,
soidensuojelualue,
soidin,
soidinalue,
soidinmäki,
soidinpaiikka,
soidinpaikka,
sokat,
sokka,
sokkelo,
solatie,
somerokasa,
someronottopaikka,
someropaikka,
sonnankaatopaikka,
sontakuoppa,
soppi,
sopukka,
sora,
soran säilöntäpaikka,
soranummi,
soraranta,
soratie,
sorkkaus,
soronottopaikka,
sorsajahtipaikka,
sorvaamo,
sorvi,
sorvikone,
sotaharjoituspaikka,
sotalaivaeste,
sotamiehentorppa,
sotamiestorppa,
sotatie,
sotavallit,
sotilasalue,
sotilashaudat,
sotilashauta,
sotilaskasarmi,
sotilaskoti,
sotilasmaa,
sotilaspalsta,
sotilasparkki,
sotilaspuustelli,
sotilassairaala,
sotilassarka,
sotilastalo,
sotilastie,
sotilastila,
sotilastontti,
sotilastorpan paikka,
sotilastorpanpaikka,
sotilastorppa,
sotilastorppa-alueet,
sotilastukikohta,
sotilasvarasto,
sotilasvirkatalo,
sotilasvirkatila,
sotkan pesä,
sou,
soukka,
soutumatka,
soututaival,
ssari,
ssuo,
stadion,
stadionalue,
stadionin ympäristö,
studio,
studiot,
sui,
suiste,
suisto,
suistoalue,
suistomaa,
suistosaari,
sukellusseura,
suksitehdas,
suku,
sukunimi,
sukutalo,
sukutila,
sula kohta,
sulatusuuni,
sulku,
sulkulaite,
sulkupaikka,
sulkuportti,
sulkupuut,
sulkutaival,
sulun paikka,
sulun ympäristö,
sulut,
suma,
sunti,
suntipaikka,
suntti,
"suo, metsä",
suo- ja kangasalue,
suo- ja metsäalue,
suo- ja peltoalue,
suoa-alue,
suoaho,
suodenkuoppa,
suoi,
suoja,
suojaisa alue,
suojakatos,
suojakso,
suojapaikka,
suojarakennus,
suojatie,
suojelualue,
suojeluskunnantalo,
suojeluskuntatalo,
suojus,
suokohta tiessä,
suokselma,
suokumaa,
suokuusi,
suolahauta,
suolahdeke,
suolahdelma,
suolahti,
suoma,
suomaapalsta,
suomatka,
suomudan ottopaikka,
suomutaikko,
suonkuivatusoja,
suonottopaikka,
suonottopalsta,
suonpiirto,
suonpilkku,
suonsaarekkeen osa,
suonsilta,
suonsolukat,
suonteen selkä,
suonteen syvänne,
suonylikulkupaikka,
suopakko,
suopilkka,
suopirtti,
suopolku,
suora,
suora maantiessä,
suora tiessä,
suora väylä,
suoraivio,
suorakuoppa,
suoranta,
suosilta,
suotie,
suotorppa,
suovarakki,
suovesialue,
sup,
suulla,
suun ympäristö/suunympäristö,
suurempi puoli,
suurjännitejohto,
suurjännitelinja,
suurpitäjä,
suurtalo,
suurtilan keskuspaikka,
suusaareke,
suutari,
suutarinliike,
suutarinpaikka,
suutopaikka,
suvannon niemi/suvannonniemi,
suvantoranta,
svyänne järvessä,
syi,
sykö,
synkkä paikka,
synnynkoti,
synnytyslaitos,
syntymäkoti,
sypressi,
syrjäasutus,
sysikoju,
sysikoppi,
syvempi kohta,
syvennykset,
syvennys,
syvä seinämä,
syvä suonne,
syvälahdenselkä,
syväneenosa,
syventymä,
syvennökset,
syynimaa,
syytinki,
syytinkiasunto,
syytinkimaa,
syytinkipaikka,
syytinkirakennus,
syytinkitalo,
syytinkitorppa,
syytinkitupa,
syöttöalue,
syöttömaa,
syöttöpaikka,
sähkkölaitos,
sähköhuolto,
sähköjakoasema,
sähkölaitos,
sähköliike,
sähkölinja,
sähkömuuntaja,
sähkömylly,
sähkönjakoasema,
sähköpylväs,
sähkövoima-asema,
sähkövoimala,
sähkövoimalaitos,
säiliö,
säilytysaitta,
säilytyshuone,
säilytyskatos,
säilytyspaikka,
säilytysvaja,
särkkäniemi,
särkkäseutu,
särkkätie,
säteritalo,
säteritila,
säähavaintoasema,
säännöstelypato,
sääpallo,
sääri,
ta,
taajemaa,
tahko,
taideoppilaitos,
tail,
taisteluharjoittelurata,
taistelukoulu,
taistelupaikka,
taistelurata,
taistelutanner,
taiteilijan koti,
taittuma,
takala,
takaniemi,
takapiha,
takapihamaa,
takennus,
taki,
taklo,
taksitorppa,
taksvärkkipirtti,
taksvärkkitila,
taksvärkkitorppa,
taksvärkkitölli,
talas,
tallin edusta,
tallin ympäristö,
tallo,
talo ympäristö,
"talo, kylä",
talomuseo,
talomäki,
talon autio,
talon ranta,
talon tie,
talonnumero,
talonumero,
talousalue,
taloushalli,
talouskauppa,
talouskeskus,
talouskeskusalue,
talousrakennus,
talvi- ja kärrytie,
talvietien kohta,
talvinuottaluoma,
talvireitti,
talvisatama,
talvisaurat,
talvitelakkapaikka,
talvitienreikä,
tammen paikka,
tammet,
tammi,
tamppauskoneiden paikka,
tamppauspaikka,
tanhu,
tanhua,
tanhua-alue,
tanhuan suu,
tanhuat,
tanhupaikka,
tanhut,
tankkieste,
tankkiesteet,
tanner,
tanssiaho,
tanssikenttä,
tanssilava,
tanssilavan paikka,
tanssilavan seutu,
tanssilavan ympäristö,
tanssipaikka,
tanssiravintola,
tanssistudio,
tanssitalo,
tanssitarha,
tanta,
tao,
tappopaikka,
tapuli,
tapulinjalka,
tasokäytävä,
tasoristeys,
tasoylikäytävä,
taukopaikka,
taukosija,
taulu,
tausta,
tavara,
tavara-asema,
tavaralaituri,
tavarasuoja,
tavaratalo,
taöo,
taöp,
te,
teatteri,
teatterirakennus,
teerenkuivatuspaikka,
teerenkuvuupaikka,
teerenpyyntipaikka,
teerensoidinpaikka,
teerien soidinpaikka,
teetupa,
tehdasosasto,
tehtaan asuntola,
tehtaan jäännökset,
tehtaan osa,
tehtaan osasto,
tehtaan seutu,
tehtaan vuokrakasarmi,
tehtaan ympäristö,
tehtaanosasto,
tehtaanpaikka,
tehtaiden kehruuosasto,
tehtaiden paikka,
tehtaiden tienoo,
tehty maa,
tehty maa-alue,
tehtymaa,
teko-oja,
tekolaidun,
tekopaikka,
tekosaari,
telakan ympäristö,
telat,
telatie,
telaura,
televisioasema,
teline,
teloituspaikka,
telotuspaikka,
tennishalli,
tenniskenttä,
tenniskenttäalue,
tenniskentät,
terassi,
terva,
tervahovi,
tervan lastauspaikka,
tervan säilytyspaikka,
tervanajopaikka,
tervanajoreitti,
tervankuljetusreitti,
tervanlastauspaikka,
tervanlastaussatama,
tervapirtti,
tervaruukki,
tervasatama,
tervasavotta,
tervaskanto,
tervaskodat,
tervasuo,
tervasuoja,
tervatehdas,
tervatie,
tervavarastot,
terveyslähde,
terveystalo,
teräsalue,
terästehdas,
teurastamo,
teurastuspaikka,
teurastusrakennukset,
tia,
tial,
"tie,palsta",
tiedekunta,
tiehaaran merkki,
tiehaaran seutu,
tiekaivanto,
tielanojen säilytyspaikka,
tieleikkaus,
tien,
tien ja joen risteys,
tien ja ojan risteys,
tien ja rautatien risteys,
tien leikkaus,
tien silta,
tien siltarumpu,
tien törmä,
tien varret,
tien varsi,
tien vieru,
tien vieruspaikka,
tien ylityskohta,
tien yläpuoli,
tien ympäristö,
tienhaaran seutu,
tienhaaranseutu,
tienleikkaus,
tienoo,
tienoot,
tienota,
tienotko,
tienpenger,
tienpuoli,
tienreikä,
tienreuna,
tienreunus,
tienrinne,
tienristeyksen seutu,
tienristeyksen ympärillä,
tienristeyksen ympäristö,
tienrumpu,
tiensivu,
tiensuunta,
tientörmä,
tienvarren kohta,
tienvarsi,
tienvarsialue,
tienvarsikohta,
tienvarsipaikka,
tienvarsipensaikko,
tienvieri,
tienvierialue,
tienvierus,
tienvierusta,
tienviitta,
tienylityskohta,
tienylityspaikka,
tienympäristö,
tiepalsta,
tieportti,
tierinki,
tierinne,
tierumpu,
tiesilta,
tiesuvanto,
tiilenlastauspaikka,
tiilenpolttohauta,
tiilihauta,
tiilihytti,
tiilimiilu,
tiilirakennus,
tiilisavotta,
tiiliuuninpaikka,
tikkirova,
tilalla/tilaila,
tilan rajojen yhtymä,
tilan sarka,
tilapäispato,
tilapäisvalkama,
tilasarka,
tilkku,
tilustie,
tinne,
toe,
toimintakeskus,
toimisto,
toimistorakennus,
toimitalo,
toimitilat,
toimitusrakennus,
toinen puoli,
toisenpuolenmaa,
tollikko,
tolpat,
tolppa,
tolppi,
tomt,
tonttio,
toppa,
tori,
torialue,
torin paikka,
toripaikka,
torit,
torni,
torppari,
torpparimaa,
torpparitila,
torppien tienoot,
totti,
traktoritie,
trukkipaikka,
trumppu,
träsk,
tsasouna,
tue,
tukikohta,
tukinajotie,
tukirakennelma,
tukki,
tukkilasta,
tukkitori,
tukkoinen paikka,
tukkuliike,
tula,
tulirokkosairaala,
tulli,
tulliasema,
tullihuone,
tullin paikka,
tullipaikka,
tullirakennus,
tullitalo,
tullivartiosto,
tulva-allas,
tulvamylly,
tulvan aikana saareksi muuttun,
tunkioladon paikka,
tunkiopaikka,
tunnelin yläpää,
tunnelinalut,
tunnelinpää,
tunturipalo,
tuohikota,
tuomet,
tuomi,
tuotantorakennus,
"tupa, pelto",
tupa-aho,
tupala,
tupalaiskulma,
tupanpaikka,
tuppa,
tura,
turan paikka,
turanne,
turnuskuoppa,
turo,
turpasmökki,
turpeikko,
turvakoti,
turvapaikka,
turvealue,
turvekota,
turvelautta,
turvemaja,
turvemökki,
turvepehkulato,
turvepelto,
tuskankumpu,
tutka-asema,
tuulimyllymäki,
tuvan rauniot,
tykki,
tykkien paikat,
tynnyrimaa,
tyttökoti,
tyttötalo,
tyvi,
tyviosa,
tyyni,
tyyni kohta,
tyyni paikka,
tyynipaikka,
työkalujen säilytyspaikka,
työkaluvaja,
työkeskus,
työlaitos,
työläisasuntoalue,
työmaa,
työmaa tallit,
työmaakopit,
työmaakämppä,
työmaaruokala,
työpaikka,
työpaja,
työsiö,
työskentelypaikka,
työskentelytila,
työsuhdeasunto,
työtila,
työtupa,
tähyilypaikka,
tähystelypaikka,
tähystyspaikka,
tähystystorni,
tähystystornit,
tätki,
täysihoitola,
täyttömaa,
tåg,
tíla,
töllikylä,
tönnäs,
tönö,
törmän osa,
törmäs,
törmäsniva,
törmät,
töyryt,
töyräät,
uhrikivi,
uhrikivipaikka,
uhrilähde,
uima,
uima-allas,
uimahalli,
uimahuone,
uimakivi,
uimakohta,
uimakoppi,
uimala,
uimalaitos,
uimalampi,
uimapaika,
uimapaikat,
uimapaikka,
uimarannat,
uimaranta,
uimastadion,
uimpaikka,
uimranta,
uintikeskus,
uintipaikka,
uitonpirtti,
uitti,
uitto,
uittokanava,
uittokouru,
uittokämppä,
uittomaja,
uittopatu,
uittopoiju,
uittopuiden lajittelupaikka,
uittopuomin katkopaikka,
uittoränni,
uittorännin mutka,
uittotammi,
uittoyhtiö,
ulappa,
ulko-palsta,
ulko-wc,
ulkoaitaus,
ulkoaitta,
ulkohuone,
ulkoilmakirkko,
ulkoilmaravintola,
ulkoilualue,
ulkoilumaja,
ulkoilumuseo,
ulkoilureitti,
ulkokartano,
ulkolohko,
ulkoluhdat,
ulkoluhta,
ulkomaa,
ulkomatala,
ulkonema,
ulkoneva kärki,
ulkopalsta,
ulkopalsta-alue,
ulkopalstan osa,
ulkopalstat,
ulkopää,
ulkorakennukset,
ulkorakennus,
ulkosaaristo,
ulkosatama,
ulkotalo,
ulkotila,
ulkotilukset,
ulkotilus,
ulkouunin paikka,
ulkoveromaa,
ulosvirtausaukko,
ulottuma,
umbiaita,
umpiaita,
umpiluoto,
umpiperä,
umpipiha,
undervattensgrynna,
undervattensgrynnor,
uo,
,
uopaja,
uoto,
uponnut kaljaasi,
upphöjning,
upplandning,
uppoamispaikka,
uppopuu,
uppouma,
upseerikerho,
upseeriruokala,
ura,
urat,
urheilukoti,
urheiluliike,
urheiluopisto,
uro,
uru,
uso,
utfall,
utfallsdike,
uudisraivaus,
uudisraivausalue,
uudisraivauspalsta,
uuni,
uunikivien ottopaikka,
uunikivipaikka,
uutismaa,
uutispaikka,
uutistalo,
uutistila,
uöpaikka,
vaa,
vaaa,
vaahtera,
vaahteran ympäristö,
vaalo,
vaapukisto,
vaapukkapaikka,
vaapukoiden poimimispaikat,
vaaputkisto,
vaarallinen kohta,
vaaran rakka,
vaaranseläntiet,
vaaraoja,
vaaratarhat,
vaarayhteisö,
vaatekauppa,
vaatetusliike,
vaatturinliike,
vadelmapaikka,
vadelmapensaikko,
vadelmikko,
vaha,
vahinkopalvelu,
vaihde,
vaihdekoppi,
vaimo,
"vainio,talo",
vainioportti,
vainiopuro,
vainiotie,
vainiportti,
vaivaistalo,
vaja,
vajanpaikka,
vajapaikka,
vajarakennuksen osa,
vajarakennus,
valimo,
valimon paikka,
valimorakennus,
valkaisimo,
valkama,
valkamapaikka,
valkamaranta,
valkamo,
vallihaudat,
vallihauta,
vallitus,
vallkama,
valo,
valohoitolarakennus,
valokuvaamo,
valokuvausliike,
valonheitin,
valta-oja,
valtahaara,
valtakunta,
valtalaki,
valtaoja,
valtatie,
valtaväylä,
valtio,
valtiomaa,
valtion maa,
valtionalueet,
valtionmaa,
valtionmaa-alue,
valtionpuisto,
valtionraja,
valtiontorppa,
valvonta-alue,
vana,
vaneritehdas,
vanha asutus,
vanha paikka,
vanha palopohja,
vanhainkoti,
vanhustenkoti,
vanhustentalo,
vaot,
vapaa-ajan asunnot,
vapaa-ajanasunto,
vapaaluoma,
vapaapaikka,
vapaatalo,
vapaussoturien koti,
vapparon selkä,
varalaskupaikka,
varasto,
varastohuone,
varastopaikka,
varastorakennukset,
varastorakennus,
varastosuoja,
varastosuuli,
varastot,
varauoma,
varavankila,
vare,
varikko,
varikon osa,
varikon paikka,
varpualue,
varsi,
varsimaa,
varuspaikka,
varustukset,
varustus,
varusvarasto,
vastaanottokoti,
vastamaa,
vastavirta,
vastavirtainen paikka,
vastuu,
vastuupaikka,
vataja,
vatten,
vattupehko,
vattupensaat,
vattupensaikko,
vattupensasalue,
vattupuska-alue,
vatukko,
vatunpoimintapaikka,
vavaara,
vedenkohouma,
vedenpidätyspaikka,
vedenpohienselkä,
vedentaka,
vedenylityskohta,
vehnämylly,
veikkauspiste,
veistämö,
veistämöt,
vene,
veneenrakennuskuuri,
venekari,
venepalsta,
venereitit,
venereitti,
venevarasto,
veneveistämö,
veneveistämön paikka,
veneverstas,
veneväylä,
veranta,
verejä,
verkatehdas,
,
verkkorisu,
verkkosaari,
veronkantoreitti,
verorustholli,
verotalo,
verotila,
verotorppa,
verrää,
versta,
verstaanpuoli,
verstas,
verstashuone,
veräjäkenttä,
veräjälaite,
veljelypeltoja,
vesakkosaari,
vesakon aukko,
vesieste,
vesikaivanto,
vesikaivo,
vesikastarit,
vesilasku,
vesilaskumaa,
vesilaskupaikka,
vesimittari,
vesipato,
vesipumppu,
vesipumppukaivo,
vesipyykki,
vesirajapyykki,
vessa,
,
vetomöljä,
vetosilta,
veturi,
veturien säilytyspaikka,
veturitalli,
veturitallit,
veäjä,
veärjä,
vierashuone,
vieraskoti,
vierasrakennus,
viitta,
viinitupa,
vik,
vik eller sund,
vilje,
viljelysasema,
viljelyskierto,
viljelyssilta,
villa,
villatavaratehdas,
villojenkuivatushuone,
vintti,
vinttihuone,
vinttikaivo,
virasto,
virastotalo,
virka-asunto,
virkailijatalo,
virkatalo,
virkatalon alue,
virkatila,
virranjakaja,
virstakivi,
virstantolppa,
virtsaamispaikka,
voimainkoittopaikka,
vuoksen pohja,
vuoksenniemi,
vuoksenranta,
vyöhyke,
väenpirtti,
välikylä,
välivarasto,
välivarastopaikka,
värjäyslaitos,
värjäysliike,
värjäämö,
vävy,
wc,
x,
yhdistys,
yhteishauta,
yhteiskoulu,
yhteismeijeri,
yhtiö,
yila,
yksikkö,
yksityiskauppa,
yksityiskoulu,
yleisurheilutunneli,
yliajopaikka,
ylistyspaikka,
ylivientilaitos,
yläkäytävä,
yöaita,
yökunta,
,
21,
5talo,
691/346,
?ahti,
A,
Aho,
Alaojan sivuhaara,
Anninkintaanojan loppuosa,
Asuntotila,
Eläinten vientikohta laitumell,
Feda,
G,
H,
Hassila,
Hiihtomäki,
Iahti,
K,
Kankaannokka,
Kivi,
Kivikkorykelmä,
Kohta tiessä,
Koisuo,
Kolkkala,
Koski,
Kulmakunta,
Kunta,
Kylä,
Kylännimi,
Lepokallio,
Leveä paikka joessa,
Lisämaa,
M,
Marjaniemi,
P,
Paikan laji,
Paikan osa,
Pokronsuon osa,
Porinmaa,
Saariojan alkupää,
Sali,
Suontaan keskiosa,
Suppi,
Tervalammen pohjoisosa,
VII,
WC,
,
,
RUOTSINKIELISET,
ägor,
äng,
ängar,
ängsmark,
ängsvik,
ärg,
å,
ågren,
åkar,
åker,
åkerområde,
åkerstycke,
åkrar,
åkrök,
ång,
ås,
åstrand,
ö,
öar,
övervattensgrynna,
övervattensgrynnor,
väg,
vägbacke,
vägkorsning,
vägkrök,
vägskäl,
vägtrumma,
backe,
backkrön,
baslinje,
grind,
grund,
grundet,
grynna,
grynnor,
gärda,
gärdor,
gård,
gårdar,
gårdbacke,
gårdsbacke,
gårdsgrupp,
gårdsgrupper,
gårdsnamn,
gårdsområde,
gårdsplats,
gårdsväg,
göl,
faala,
fiskeläger,
fjärd,
fors,
fäbod,
fäbodbacke,
fäbodställe,
bosättningsområde,
brandbrunn,
boplats,
berg,
berggrund,
bergshöjd,
bergudde,
betesmark,
bro,
buenu,
by,
bydel,
bäck,
båthamnar,
del av hemman,
dike,
hage,
halvö,
sumpmark,
sund,
lägde,
lägenhet,
udde,
"udde, gårdsgrupp",
sten,
sten grund,
sten ref,
stenar,
stengrund,
stengärde,
stenref,
stensamling,
stila,
strandplats,
strandremsa,
skidbacke,
skiitta,
skjutbana,
skog,
skogsbackar,
skogsbacke,
skogsdike,
skogsdunge,
skogshage,
skogsholme,
skogskulle,
skogsmark,
skogsområde,
skogsskifte,
skogsudde,
skogsväg,
skola,
skoltomt,
skär,
sluttning,
slät,
släta,